card_id	card_parent_id	card_title	category_id	category_title	number_id
3fd93e9c-938c-4eab-8cf0-bf3f5f63a7ac	/repetitory-i-obucenie/drugoe	Магистерская диссертация по предмету ТГП (теория государства и права)			0
34585fb8-0c08-4d48-9bb3-d11725c8bb8b	/raznoe/buhgalter	Консультация бухгалтера			0
da46400f-a9d8-4f3c-80f7-0cb80f44abf2	/remont-avto/pomos_-na-dorogah	Помощь на дороге	/remont-avto/pomos_-na-dorogah/tehniceskaa-pomos_-na-doroge	Техническая помощь на дороге	1121
10f2db98-e1e8-4e3d-96f8-aed8ee2ad7c8	/remont-i-ustanovka-tehniki/remont-torgovogo-oborudovania	Очистка и промывка конденсатора аппаратом высокого давления			0
51c2dfe3-383a-4b5e-a377-76d1e3dd06d8	/remont-i-stroitel_stvo/stroitel_stvo-domov-i-kottedjej	Кирпичный дом 6 на 6	/remont-i-stroitel_stvo/stroitel_stvo-domov-i-kottedjej/stroitel_stvo-doma-iz-kirpica	Строительство дома из кирпича	1962
1e369554-ba90-4ba7-b41a-817394b7b4f9	/komp_utery-i-it/sajty-pod-kluc	Разработка недорогого сайта	/komp_utery-i-it/programmirovanie/razrabotka-sajtov	Разработка сайтов	343
a574a1ca-1668-4f73-bfe7-6e5a0eab2b1a	/remont-i-ustanovka-tehniki/holodil_niki	Ремонт холодильников IP Industrie (вызов мастера по холодильникам Айпи Индастри на дом)	/remont-i-ustanovka-tehniki/holodil_niki/remont-holodil_nikov	Ремонт холодильника	2237
aa164525-8e1c-42c0-ab38-bddd17de51b6	/remont-i-stroitel_stvo/remont-kvartir-i-domov	Отделка туалета			0
908a975d-86f7-4384-8cdb-403bda1527e9	/raznoe/internet-marketolog	Мессенджер-маркетинг	/raznoe/internet-marketolog/internet-reklama	Услуги интернет-маркетолога по интернет-рекламе	714
2f8e40e9-be3f-49a9-9e23-66ee8dfc81f8	/remont-i-stroitel_stvo/dveri-i-zamki	Вскрытие замков в квартире , открытие квартирных дверей	/remont-i-stroitel_stvo/dveri-i-zamki/vskrytie-zamka	Вскрытие дверного замка	1427
5abeaafa-ad33-4cc1-8ac2-9cdaabc9d5d8	/remont-i-stroitel_stvo/remont-kvartir-i-domov	Капитальный ремонт однокомнатной квартиры	/remont-i-stroitel_stvo/remont-kvartir-i-domov/kapital_nyj-remont-kvartiry	Капитальный ремонт квартиры	1818
ad6d21f4-4265-46c5-ae7a-f529b71a63ce	/remont-i-ustanovka-tehniki/stiral_nye-masiny	Ремонт стиральных машин Samsung 	4023	Ремонт стиральной машины	4023
a9b90d05-c6d6-4a7d-8bb1-aea7ba472bf0	/remont-i-stroitel_stvo/okna-i-balkony	Установка алюминиевых дверей	/remont-i-stroitelstvo/okna-i-balkonyi/ustanovka-balkonnoj-dveri	Установка балконной двери	4239
985e62c0-4c9f-466d-a8ce-08165c1a673b	/krasota/spa-prozedury	Солевая аромасауна			0
9615974c-f443-4773-9aba-8aabc2db79fd	/raznoe/drugoe	Арматура 36 мм А1 с доставкой			0
31d0d09d-d5ed-4ed3-896a-fcb0170077a9	/komp_utery-i-it/sajty-pod-kluc	SEO-продвижение	/raznoe/internet-marketolog/seo-prodvijenie	Услуги интернет маркетолога по SEO-продвижению	712
2a7b4f71-1d7d-4913-8b49-0908bb01cc4b	/remont-i-stroitel_stvo/gazifikazia	Автономная газификация цена	/remont-i-stroitel_stvo/gazifikazia/ustanovka-gazovogo-rezervuara	Установка газового резервуара	1424
21f9cf66-83a8-407b-83b1-e7c47829ecac	/repetitory-i-obucenie/himia	Консультация по творческим работам по химии и смежным предметам			0
c3190dc6-024b-4dac-82cc-7526a25a38ae	/dizajnery/illustrator	Дизайн иконки			0
582c7b04-5571-4fad-b894-2ab2662aeaf0	/gruzoperevozki-i-kur_ery/stroitel_nye-gruzy-i-oborudovanie	Перевозка рубероида	/gruzoperevozki-i-kur_ery/stroitel_nye-gruzy-i-oborudovanie/stroitel_nye-gruzy-i-oborudovanie	Перевозка строительных грузов и оборудования	208
beebf69d-3665-4f9d-a0b4-d46209557ea2	/raznoe/obezzarajivanie	Уничтожение муравьев			0
93671e2c-b6a3-4b3e-a83a-a33c1a56e0d6	/remont-i-ustanovka-tehniki/posudomoecnye-masiny	Мастер по ремонту посудомоечных машин	4064	Ремонт посудомоечных машин	4064
916efa8a-55ec-4553-aafa-4d05de5321de	/krasota/spa-prozedury	Обертывание	/krasota/massaj/obertyvanie	Обертывание	482
44a7af99-6e3e-4797-beaf-1bdb0dffaf57	/repetitory-i-obucenie/biologia	Дистанционное занятие по природоведению/естествознанию 5-6 класс.	/repetitory-i-obucenie/biologia/prirodovedenie	Занятие с рпетитором по природоведению	2338
df680ee3-5741-4af2-b787-a9418a68a367	/raznoe/internet-marketolog	Аудит рекламной кампании			0
8884eeb1-7b22-4828-8aa5-c4fb8daf5d8f	/gruzoperevozki-i-kur_ery/perevozka-vesej	Грузоперевозки гусеничных кранов.			0
61df3072-b453-4ef2-af7b-145698e02e4e	/organizazia-meropriatij/reklama-i-prodvijenie	Наружная реклама	/remont-i-stroitel_stvo/vysotnye-raboty/narujnaa-reklama	Установка наружной рекламы	1401
5b615339-e581-4110-8e09-b4f6dca467ea	/repetitory-i-obucenie/buhgalterskij-ucet	Консультация по чертежам по бухгалтерскому учету и смежным предметам			0
52ee855b-60a2-437b-955d-0aa93ce61997	/remont-i-stroitel_stvo/plitocnye-raboty	Тротуарная плитка	/remont-i-stroitelstvo/plitochnyie-rabotyi/ukladka-trotuarnoj-plitki		4377
2ff54e71-760c-4ccf-b496-73f53398aab1	/raznoe/buhgalter	Выписка из ЕГРЮЛ или ЕГРИП			0
e6c6780c-7544-4c14-8212-d2dae207f7cc	/krasota/resnizy-i-brovi	Окрашивание бровей краской	/krasota/resnizy-i-brovi/okrasivanie-brovej-kraskoj	Окрашивание бровей краской	533
2cb5d2de-e6bf-4c45-a85f-a485b466ca2d	/remont-avto/diagnostika	Диагностика Фольксваген с выездом			0
3ad9b179-082e-4baa-bd46-021616007301	/uristy/provedenie-nezavisimyh-ekspertiz	Оценка ручного флота для наследства, нотариуса, продажи, суда, банка			0
70790f68-bf22-499c-b2eb-08efc183d727	/raznoe/psiholog	Занятия психолога с детьми			0
8f7a0212-8948-49de-aa0e-4f722832ae06	/remont-i-stroitel_stvo/fasadnye-raboty	Штукатурка фасада			0
c679b5fd-dff9-4331-b6c4-344fcd59be81	/gruzoperevozki-i-kur_ery/perevozka-vesej	Gazel-Perm.tiu.ru			0
1179d0c8-a3d3-476f-ae42-4c879f7fe485	/krasota/makiaj	Татуаж. Микроблейдинг (волосковая техника)			0
9bd6495e-1072-4dec-b126-5a11515b8ed8	/krasota/makiaj	Татуаж камуфлирования рубца в области лица			0
27f3ee76-c33a-44c0-99b1-ac5a542ccdc0	/dizajnery/promyslennyj-dizajner	Техническая экспресс-диагностика проектов НИОКР  для инвесторов			0
813881d2-fc5b-4cc2-a5c9-9411e5333d6f	/gruzoperevozki-i-kur_ery/vyvoz-musora	Вывоз мусора с дачного участка	/gruzoperevozki-i-kur_ery/vyvoz-musora/vyvoz-musora	Вывоз мусора	180
0de908e6-07a2-4969-8e66-34d5b66d1343	/remont-avto/drugoe	Ремонт автомобилей Киа			0
435159b0-1d1f-4fbf-9792-742d07779ff4	/remont-i-ustanovka-tehniki/drugoe	Ремонт смартфонов	/remont-i-ustanovka-tehniki/mobil_nye-telefony-i-plansety/remont-mobil_nyh-telefonov	Ремонт мобильных телефонов	2137
f9081ce2-2e47-4c07-8428-afbb25b69f92	/remont-i-ustanovka-tehniki/mobil_nye-telefony-i-plansety	Восстановление кнопки хоме на iPhone  6plus	/remont-i-ustanovka-tehniki/mobil_nye-telefony-i-plansety/remont-mobil_nyh-telefonov	Ремонт мобильных телефонов	2137
42ccaee2-05cd-4d99-91b0-30930b65d06e	/remont-avto/tonirovka-i-avtovinil	Автовинил и стайлинг	/remont-avto/tonirovka-i-avtovinil/oklejka-avto-vinilovoj-plenkoj	Оклейка автомобиля виниловой пленкой	1182
63add4e3-dcda-4453-8b65-8e94631d65a9	/remont-i-stroitel_stvo/remont-kvartir-i-domov	Механизированная штукатурка стен	/remont-i-stroitel_stvo/oboi-i-malarnye-raboty/stukaturka-sten	Штукатурка стен	1692
c1726c1f-f1f3-4945-81d9-739a94ebc596	/gruzoperevozki-i-kur_ery/perevozka-vesej	Машина без грузчиков			0
af3901ee-0e5e-4cf8-95c1-f0484f647642	/raznoe/drugoe	Консультация и оценка недвижимости инженера-строителя			0
40ab1f35-1a6c-4ddd-aa9c-0bbbfa503aa3	/remont-avto/tehniceskoe-obslujivanie	Очистка дроссельной заслонки Land Rover			0
4fcfd2b3-4490-44ac-98df-647bac7a965d	/gruzoperevozki-i-kur_ery/vyvoz-musora	Вывоз строительного мусора	/remont-i-stroitel_stvo/snos-i-demontaj/vyvoz-stroitel_nogo-musora	Вывоз строительного мусора	1917
66843f66-517b-4054-b64d-046344f4dc82	/remont-i-ustanovka-tehniki/mobil_nye-telefony-i-plansety	Замена экрана и стекла Mi 9 SE	/remont-i-ustanovka-tehniki/mobil_nye-telefony-i-plansety/zamena-ekrana	Замена экрана мобильного телефона или планшета	2135
164d61d0-4e85-434d-ac60-e4d9cb8652fa	/gruzoperevozki-i-kur_ery/vyvoz-musora	Демонтаж холодильника			0
d1ff9841-e6b1-479c-8f1c-589f74c9a82e	/uristy/uridiceskoe-soprovojdenie-sdelok	Споры по противодействию легализации (отмыванию) доходов, полученных преступным путём 			0
1ceb4c90-9524-4db5-b53a-fdd8e739d9e1	/remont-i-stroitel_stvo/rol_stavni-i-sekzionnye-vorota	Изготовление секционных ворот			0
19390ca4-a992-47c0-8e60-321070786003	/raznoe/drugoe	Охрана Труда			0
20059efe-e058-461a-96df-6589b1808a26	/remont-i-stroitel_stvo/rol_stavni-i-sekzionnye-vorota	Изготовление Рольставен на Окна и Двери			0
56e8f730-26c6-41a8-b8ed-a1a4e62ee257	/krasota/makiaj	Коррекция перманентного макияжа губ			0
e8784053-6d4d-4087-8694-3c857be22f36	/remont-i-ustanovka-tehniki/stiral_nye-masiny	Ремонт стиральных машин bosch	4023	Ремонт стиральной машины	4023
32cafffa-e14a-4d8e-8849-1b4f2bbe28d4	/remont-i-stroitel_stvo/mebel_	Сборка детской кроватки	/remont-i-stroitelstvo/mebel/sborka-mebeli		4320
da35e94e-b5c2-42e3-8eba-d107bc2e2d1b	/krasota/drugoe	Перманентный макияж век			0
b97550ff-40f6-4c4c-9152-d1d0ccf7bc39	/raznoe/obezzarajivanie	Уничтожение жужелиц.			0
ce9f0bad-aee7-4c5c-a436-db316b330376	/foto-i-video/drugoe	Изготовление 3d панорам			0
1d13e836-e30c-43fc-aefd-445a36ff325d	/remont-i-stroitel_stvo/okna-i-balkony	Устранение продувания окон	/remont-i-stroitel_stvo/okna-i-balkony/germetizazia-okon	Герметизация окон	1713
589017f5-ff3c-4848-9437-ba144cc95cdd	/raznoe/psiholog	Консультация психолога в Skype	/raznoe/psiholog/konsul_tazia-psihologa	Консультация психолога	818
40f728ba-3bd2-46a2-b2cc-ca82d283cfb3	/remont-i-stroitel_stvo/okna-i-balkony	Ремонт пластиковых окон 	/remont-i-stroitel_stvo/okna-i-balkony/remont-okon	Ремонт окон	1725
dc07886d-ceb4-4328-83c4-d84e071be5d1	/remont-i-stroitel_stvo/potolki	Монтаж потолка из ПВХ, МДФ панелей по металлокаркасу			0
ef409e0b-5e3f-46af-b81a-ffdd28faf2bf	/uristy/uridiceskoe-soprovojdenie-sdelok	Согласование летнего кафе			0
2c364ebb-56bd-42d3-a4c2-35793590a321	/remont-i-ustanovka-tehniki/stiral_nye-masiny	Ремонт стиральных машин в Жулебино	4023	Ремонт стиральной машины	4023
6bef7bbb-9760-4cee-bee8-f6940d7fc925	/remont-i-ustanovka-tehniki/stroitel_naa-i-sadovaa-tehnika	Ремонт газовых тепловых пушек	/remont-i-ustanovka-tehniki/stroitel_naa-i-sadovaa-tehnika/remont-stroitel_noj-tehniki	Ремонт строительной техники	2218
1302b3fa-f25d-49ab-aa43-eaef3efa28f3	/gruzoperevozki-i-kur_ery/uslugi-gruzcikov	Заказать грузчиков 	/gruzoperevozki-i-kur_ery/uslugi-gruzcikov/uslugi-gruzcikov	Услуги грузчиков	210
99ed4eeb-0877-4eb1-b033-54cb0b86761e	/raznoe/biznes-konsalting	Расследование несчастного случая в организации/предприятии			0
f13f408a-98cc-43a3-911b-5332cec7ca4b	/komp_utery-i-it/komp_uternaa-pomos_	Установка Windows XP	/komp_utery-i-it/komp_uternaa-pomos_/ustanovka-operazionnyh-sistem	Установка операционных систем на компьютеры	327
fe568bea-1474-4e7f-b3e9-dd631deb8bae	/gruzoperevozki-i-kur_ery/mejdugordnie-perevozki	Встреча в аэропорту.			0
a378b6b2-a89a-45e1-8244-59515262f0c0	/repetitory-i-obucenie/drugoe	Консультация по творческим работам			0
33a650c0-ca4a-413b-bab5-b73531aa751f	/raznoe/drugoe	 Курсы по повышению квалификации машинистов мостовых и козловых кранов 			0
92c51f6c-a6a2-4abd-9fe6-fd081ae30594	/foto-i-video/fotosessia	Эротическая фотосессия	4264	Эротическая фотосессия	4264
b12ac091-67e2-40b4-a54a-5a4c1488ac7a	/artisty/sou	Флайборд шоу			0
00b02f9f-f7f6-47b3-9a6f-395418fd0796	/remont-i-ustanovka-tehniki/stiral_nye-masiny	Ремонт стиральных машин: Rolsen	4023	Ремонт стиральной машины	4023
f1a9daa8-aa4e-4604-b84e-782404f9cdf7	/raznoe/perevodcik	Написания статей на английском и немецком			0
bf62d5b2-ccda-497c-b55e-5c38ed75f64f	/komp_utery-i-it/komp_uternaa-pomos_	Замена блоки питания Самара	/komp_utery-i-it/komp_uternaa-pomos_/zamena-bloka-pitania-komp_utera	Замена компьютерных блоков питания	307
34a6bbdb-c6d1-405e-ad23-bdd4968211db	/remont-i-stroitel_stvo/santehniceskie-raboty-i-otoplenie	Прочистки канализации в квартире	/remont-i-stroitel_stvo/santehniceskie-raboty-i-otoplenie/procistka-kanalizazii	Прочистка канализации	1890
481c14f5-87b4-4eec-98f9-a76a73b3ed01	/komp_utery-i-it/komp_uternaa-pomos_	Замена вентилятора ноутбука	/komp_utery-i-it/komp_uternaa-pomos_/zamena-kulera	Замена кулеров в компьютерах	309
32810fe0-01d5-4c25-b6c3-a75f2b97cc39	/gruzoperevozki-i-kur_ery/mejdugordnie-perevozki	Перевозка вещей в Мурманск	/perevozki-i-kureryi/mezhdugorodnyie-perevozki/mezhdugorodnie-perevozki-veschej		4322
18a512f1-300d-4d21-9422-c7e65a99450d	/krasota/kosmetolog	Плазмотерапия			0
e95ab798-fb9b-47cd-bf43-32eb28ac743b	/remont-i-stroitel_stvo/remont-kvartir-i-domov	Ремонт дома			0
f2d17062-85eb-4c9c-a39f-8885e81e2c41	/foto-i-video/fotosessia	Съемка в мастерской			0
485b38b4-7ff6-4bad-9def-3a25caca6467	/remont-i-stroitel_stvo/drugoe	Изготовление решеток на окна и балконы			0
e831bd39-0398-4bab-a54d-82577b9eb9d1	/uristy/provedenie-nezavisimyh-ekspertiz	Оценка переворачивателей вагонов для наследства, нотариуса, продажи, суда, банка			0
7abd2e99-806e-40aa-ac1f-ed1851834519	/repetitory-i-obucenie/anglijskij-azyk	Пакет "Скидка 30%"	3952	Курс с репетитором по английскому языку	3952
9f95e216-8211-4265-84c7-11ca4563feb8	/repetitory-i-obucenie/anglijskij-azyk	Индивидуальные занятия по английскому языку для взрослых (1 месяц, 8 занятий)	/repetitory-i-obucenie/anglijskij-azyk/zanatie	Занятие с репетитором по английскому языку	2282
c5cfa67b-ecd6-42d1-a7f3-22800de52a69	/krasota/kosmetolog	Альгинатная маска для лица Годжи и Клюква	/krasota/kosmetolog/al_ginatnaa-maska-dla-liza	Альгинатная маска для лица	369
d0ff25ce-ad79-483b-a360-ebb652fcd576	/krasota/udalenie-volos	Мужская лазерная эпиляция: Бакенбарды			0
0b7154f1-253c-4549-950c-28898d4f4782	/uslugi-dla-jivotnyh/drugoe	Кастрация кобеля собаки			0
f09953fd-9770-4191-a81b-ca6e817738ba	/raznoe/drugoe	Настройка и ремонт оргтехники	/komp_utery-i-it/komp_uternaa-pomos_/nastrojka-i-remont-orgtehniki	Настройка и ремонт оргтехники	313
15519014-ea34-4f81-ac90-712114608134	/raznoe/obezzarajivanie	Обработка от клещей			0
fbd89a8c-d6fd-4a2f-80b8-b289eea19027	/komp_utery-i-it/drugoe	Дизайн лендинга	/dizajnery/veb-dizajner/dizajn-lendingov	Дизайн лендинга	228
8c53d73b-9693-4a7c-9622-d5fc5b1a33aa	/dizajnery/graficeskij-dizajner	Дизайн презентаций			0
4bcab888-92d3-44b4-80ba-adad55cc8e0f	/organizazia-meropriatij/drugoe	Расклейка объявлений	/organizazia-meropriatij/reklama-i-prodvijenie/raskleivanie-ob_avlenij	Расклеивание объявлений	667
9c885de4-7bf7-46e5-bb8f-175de9cbf225	/raznoe/drugoe	Срочно продать авто			0
52635c61-309a-46cc-9659-1c2ad110f461	/raznoe/migrazionnye-uslugi	обновление миграционной карты			0
8733fced-8cfe-49ca-a61e-a8df340d2063	/remont-i-stroitel_stvo/okna-i-balkony	Безрамное остекление раздвижное	/remont-i-stroitel_stvo/okna-i-balkony/osteklenie-balkonov-i-lodjij	Остекление балконов и лоджий	1720
d1ad26e6-d40a-4935-a58c-72057cec06c2	/raznoe/drugoe	Определение величины утраты товарной стоимости автомобиля			0
ffce9b5a-3a80-4819-9eb8-5ee7fb8fb6d5	/gruzoperevozki-i-kur_ery/mejdugordnie-perevozki	грузоперевозки 	/gruzoperevozki-i-kur_ery/mejdugordnie-perevozki/mejdugordnie-perevozki	Междугородние перевозки	197
e456aa01-39b9-467a-854a-dca047e6eb17	/krasota/udalenie-volos	Лазер мужской: Подмышечные впадины			0
be42a276-c793-4958-ba0e-3fdff8b2dee2	/komp_utery-i-it/komp_uternaa-pomos_	Компьютерный мастер 			0
cc1a8c60-0101-4106-b7b6-859e1dfb939b	/dizajnery/upakovka-i-reklama	Дизайн листовки	/dizajnery/graficeskij-dizajner/listovka	Дизайн листовки	248
a1044d46-894b-4473-9158-96cd8b41a9d6	/artisty/drugoe	Художник шаржист / портертист на праздник			0
4c86f620-262b-4098-80ba-e8031241cd97	/krasota/manikur-i-pedikur	Покрытие Гель-лак ECLIPSE			0
8fa736c7-99eb-490b-8542-5af69d1c25c9	/raznoe/kopirajter	Удаленные работы на дому	/raznoe/kopirajter/uslugi-kopirajtera	Услуги копирайтера	725
0543bccd-3cf6-42e7-8abf-5376e9f13b06	/remont-i-stroitel_stvo/proektirovanie-i-smety	Проектирование электросетей частного дома	/remont-i-stroitel_stvo/proektirovanie-i-smety/proektirovanie-elektrosetej	Проектирование электросетей	1808
7cd1fcea-fd79-43d7-a6df-42441066238f	/remont-avto/kondizionery-i-otoplenie	Ремонт отопителя планар			0
85c9a6ff-6c8f-450f-998a-e7782eb0843c	/uslugi-dla-jivotnyh/strijka	Стрижк кошек в Москве, Красноармейске, Черноголовке и Ногинске	/uslugi-dla-jivotnyh/strijka/strijka-kosek	Стрижка кошек	3051
098bde09-6b51-4aa0-abef-31a8c31a5cc0	/krasota/manikur-i-pedikur	Покрытие ногтей лаком			0
9fa91630-e872-454f-87f0-7a19f340e014	/repetitory-i-obucenie/literatura	Консультация по научным статьям по литературе и смежным предметам			0
b4928814-7fef-4a93-99d7-39f3637480ad	/krasota/udalenie-volos	Депиляция линии живота			0
64f9f897-cad2-4305-92ba-439d135e5773	/krasota/massaj	Массаж общий	/krasota/massaj/klassiceskij-massaj	Классический массаж	478
195478d3-5dff-4c39-9a5e-2ba9dd082897	/remont-i-ustanovka-tehniki/drugoe	Ремонт бутербродницы	/remont-i-ustanovka-tehniki/melkaa-bytovaa-tehnika/remont-melkoj-bytovoj-tehniki	Ремонт мелкой бытовой техники	2101
0a731858-34c9-42c1-8630-c917e4d042df	/raznoe/drugoe	Установка двусторонней заплаты на герметичном отсеке (до 5 см) лодки ПВХ			0
3d4de345-0977-4e40-adf2-4c6e9193e22f	/repetitory-i-obucenie/russkij-azyk	Консультация по решению задач по русскому языку			0
94a02770-e98f-4549-b779-14f0e6951a81	/raznoe/biznes-konsalting	Настройка системы маркетинга и продаж фитнес-клуба			0
ac8c864c-2d65-412c-83f4-65634503b1f3	/uristy/registrazionnye-uslugi	Изготовить ЭЦП			0
ba608171-6c78-40b7-8c69-6c805b88b237	/artisty/sou	Лазерное шоу на свадьбу (стандарт)	/artisty/sou/svetovoe-sou	Световое шоу	175
1a79ef42-a1ae-4f4f-85b7-22f2b388a22b	/repetitory-i-obucenie/kursy-i-master-klassy	Консультация для родителей с ребенком в группе риска по психоречевому развитию			0
74086416-1c4f-497f-84a4-3c1bb3253b7c	/remont-i-stroitel_stvo/izyskatel_nye-raboty	Геодезические работы			0
fc21c9bd-d2cd-4e8c-818a-9409af6015e5	/uristy/registrazionnye-uslugi	Регистрация изменений в ЕГРЮЛ (изменение адреса)			0
ef3bfd8a-76b9-43d4-9ecd-2320e332858f	/remont-avto/elektrooborudovanie	Замена электронного блока управления в автомобиле	/remont-avto/elektrooborudovanie/zamena-elektronnogo-bloka-upravlenia	Замена электронного блока управления в автомобиле	1337
0e705ce5-f306-406b-9cf2-34e45989597a	/repetitory-i-obucenie/fizika	Консультация по семестровым работам по физике и смежным предметам			0
cc9cdb57-a03b-4f27-af2b-959845e909d4	/raznoe/drugoe	Запишу ваши видеокассеты на флешку DVD диск	/foto-i-video/ozifrovka/ozifrovka-videokasset	Оцифровка видеокассет	3074
ef9ff9e7-f661-415c-ae5e-ddfc65a3bb1d	/remont-i-ustanovka-tehniki/mobil_nye-telefony-i-plansety	Замена кнопок громкости смартфона	/remont-i-ustanovka-tehniki/mobil_nye-telefony-i-plansety/zamena-knopok-gromkosti	Замена кнопок громкости мобильного телефона или планшета	2125
c1f2b390-b536-49ea-a3d2-610ae5025d85	/trenery/drugoe	Slide			0
f83bd135-eb11-410e-ad1d-feb2dd740fdd	/gruzoperevozki-i-kur_ery/perevozka-vesej	Доставка стройматериалов			0
520a447d-b8df-453e-8d86-3ad6a38e3200	/raznoe/melkie-porucheniya	написать текст	/raznoe/kopirajter/uslugi-kopirajtera	Услуги копирайтера	725
7c61b920-a780-4eca-9148-fbf1f14cc8ac	/ohrana-i-detektivy/ohrana	Охрана производственных и складских комплексов	/ohrana-i-detektivy/ohrana/ohrana-ob_ektov	Охрана объектов	684
ff15c08f-b76d-4700-8a5a-da9e3c43070f	/tvorcestvo,-rukodelie-i-hobbi/drugoe	Портрет на заказ			0
5a7ee355-8ffd-4309-96fb-ec5b878232a9	/raznoe/drugoe	Разработка логотипов	/dizajnery/graficeskij-dizajner/logotip	Дизайн логотипа	249
aa1c40d8-bc90-482b-a6e3-fda0945eef25	/krasota/kosmetolog	Сосудистая терапия: крылья носа			0
c545fec3-dc17-43fc-bcd3-52b117b924c7	/uristy/predstavitel_stvo-v-sude	Помощь юристов при расторжении брака	/uristy/semejnye-spory/pomos_-pri-rastorjenii-braka	Помощь юристов при расторжении брака	3450
bfc54324-77cd-465d-9538-635c84efe359	/gruzoperevozki-i-kur_ery/vyvoz-musora	Вывоз мусора ЗИЛами 	/gruzoperevozki-i-kur_ery/vyvoz-musora/vyvoz-musora	Вывоз мусора	180
f11987a1-7148-487d-be68-64ad57b6f384	/remont-avto/mojka	3-х фазная нано мойка кузова автомобиля			0
0c421437-1c4e-44e1-97e9-1c9fec15b092	/komp_utery-i-it/drugoe	Даю бесплатные советы в пределах перечня своих компетенций. 	/komp_utery-i-it/komp_uternaa-pomos_/konsul_tazia-i-obucenie	Консультации и обучение работе с компьютерами	312
0bfc2704-2d53-46be-bddb-087d96656739	/raznoe/strahovanie	Страхование имущества			0
25297552-ca1d-4d97-a81c-c203965add4c	/krasota/makiaj	Татуаж бровей в технике натуральных волосков	/krasota/makiaj/tatuaj-brovej	Татуаж бровей	424
eb89b60c-64a3-466f-91e1-2741468adce3	/foto-i-video/drugoe	Свадебная видеосъемка	/foto-i-video/videos_emka/svad_ba	Видеосъёмка свадьбы	3064
6c1ea7dd-0dfc-4ce3-97d9-9d7cc6a6bad8	/remont-i-stroitel_stvo/dveri-i-zamki	Обивка двери	/remont-i-stroitelstvo/dveri-i-zamki/obshit-dver		4420
6d2b93ee-7308-40a5-a1d5-4cbf06715c43	/remont-i-stroitel_stvo/fasadnye-raboty	Монтаж оконных откосов, отливов 	/remont-i-stroitel_stvo/okna-i-balkony/montaj-otkosov	Монтаж оконных откосов	1717
f30415db-e0bd-41a2-a3b5-67266e493fa7	/remont-i-stroitel_stvo/remont-kvartir-i-domov	установка щита			0
d1254962-01b2-4e97-a19d-1ea526a63b0a	/remont-avto/transmissia	Замена комплекта сцепления	/remont-avto/transmissia/zamena-komplekta-szeplenia	Замена комплекта сцепления	1232
b54fddb0-153b-4dc8-aecc-7465c365c347	/repetitory-i-obucenie/obucenie-masterov-dla-salonov-krasoty	Индивидуальное обучение мастеров: Градиент гель-лаком			0
ea028d51-d1f6-4936-ad90-d6a544cb6a38	/raznoe/obezzarajivanie	Уничтожение двухвостки 			0
98eac653-4892-4a2f-a139-f8ebec6ddff6	/foto-i-video/fotosessia	Выпускной альбом для 4 класса	/foto-i-video/fotosessia/detskaa	Детская фотосессия	3083
310470ef-2c00-4a3d-ab2f-6bbc8e50a8e2	/repetitory-i-obucenie/kursy-i-master-klassy	Обучение таргетированной рекламе			0
18c3e281-4353-4341-b887-34708ced88e1	/remont-i-stroitel_stvo/drugoe	Изготовление вывесок 			0
1e216650-0118-443a-a7ef-8478aea33b5d	/tvorcestvo,-rukodelie-i-hobbi/izgotovlenie-ukrasenij	Изготовлениие муляжей яруса для тортов из пенопласта.			0
0a654f0d-4960-4d9c-a665-2dbf734a6beb	/raznoe/internet-marketolog	Настройка Яндекс.Директ	/raznoe/internet-marketolog/nastrojka-andeks.direkta	Услуги интернет-маркетолога по настройке Яндекс.Директа	717
434e9bf2-33c2-45ae-9bdf-66087e7abc4b	/repetitory-i-obucenie/jurnalistika	Консультация по магистерской по журналистике и смежным предметам			0
2c67c81b-3e88-4fc5-b033-3eeff748a3fe	/dizajnery/upakovka-i-reklama	Составление плана рекламы проекта	/dizajnery/upakovka-i-reklama/dizajn-reklamy	Дизайн рекламы	281
63a3c03f-4042-4f6f-86d5-e5092c792651	/gruzoperevozki-i-kur_ery/vyvoz-musora	машина для вывоза строительного мусора	/remont-i-stroitel_stvo/snos-i-demontaj/vyvoz-stroitel_nogo-musora	Вывоз строительного мусора	1917
30b5ba07-f33a-4af0-9694-b64cb9951ef4	/trenery/drugoe	Индивидуальный коучинг (онлайн)			0
0b17f678-e103-4736-bb66-5f017290f7b8	/repetitory-i-obucenie/izobrazitel_noe-iskusstvo	Занятие по художественной графике костюма	/repetitory-i-obucenie/izobrazitel_noe-iskusstvo/zanatie	Занятие с репетитором по изобразительному искусству	2403
393e6361-e45e-479c-b919-36571e9c49ba	/dizajnery/graficeskij-dizajner	Создание стикерпаков			0
9e52be51-e8fa-4d7c-91f7-496dd80b437e	/uristy/bankrotstvo-uridiceskih-liz	Максимальное сохранение имущества при банкротстве			0
497d46cb-fd7c-43f7-8860-85bbf78281fd	/raznoe/buhgalter	Онлайн консультация			0
4d2efdd2-e63c-4c59-9fb1-9602183ff953	/gruzoperevozki-i-kur_ery/drugoe	Железнодорожные перевозки наливных грузов	/gruzoperevozki-i-kur_ery/drugoe/jeleznodorojnye-gruzoperevozki	Железнодорожные грузоперевозки	183
49e3bf3d-a9f8-48ba-a5f0-b0eab0090352	/remont-i-stroitel_stvo/elektromontajnye-raboty	Установка опор ЛЭП			0
68e45eb7-52e5-48d0-bf42-653c1e786d7f	/raznoe/poligraficeskie-uslugi	Печать на холсте 30 на 45	4216	Печать на холсте	4216
35db7747-8c66-4823-b2c4-d6048b392faa	/gruzoperevozki-i-kur_ery/mejdugordnie-perevozki	Пассажирские перевозки Поставы Минск	/perevozki-i-kureryi/mezhdugorodnyie-perevozki/mezhdugorodnie-passazhirskie-perevozki		4324
c8bc2331-b176-4d92-b153-625e9407d901	/komp_utery-i-it/komp_uternaa-pomos_	Компьютерная диагностика выезд к клиенту	/komp_utery-i-it/komp_uternaa-pomos_/diagnostika	Диагностика компьютеров	306
d6396756-7832-41fb-8d06-61e589ea0306	/krasota/drugoe	Коррекция осанки для взрослых и детей, 1 процедура - 30 минут			0
1c7dec39-68f6-4a80-ae8b-efcdad77d8f8	/remont-i-stroitel_stvo/poly-i-napol_nye-pokrytia	Капитальный ремонт офисов	/remont-i-stroitel_stvo/remont-ofisa/kapital_nyj-remont-ofisov	Капитальный ремонт офисов	1829
40204458-ae15-4d68-9ce7-695eeb400d68	/raznoe/buhgalter	Подготовка и сдача отчетности			0
5dfda187-b12c-4967-9681-894ec808c417	/krasota/parikmaher	Шлифовка секущихся концов			0
04ef3a91-e972-4caf-af2b-3a4de1af94f4	/arenda/instrument	Пылесос макита 445 (40 литров)	/arenda/instrument/pylesosy	Аренда пылесоса	12
5c70a92b-51f4-4b99-9562-a9a1e1f4f1fd	/remont-i-ustanovka-tehniki/holodil_niki	Ремонт холодильника Indesit NB 18 L FNF	/remont-i-ustanovka-tehniki/holodil_niki/remont-holodil_nikov	Ремонт холодильника	2237
6967c946-1ca2-43dc-90fb-26aa7b221a55	/uristy/uridiceskoe-soprovojdenie-sdelok	Юридическое сопровождение в суде			0
93918c85-6663-48d0-8685-1974a2e229fb	/remont-avto/drugoe	 Балансировка 2-х опорного карданного вала			0
4a3e015d-5074-46cf-8b5e-3810f861fe68	/krasota/resnizy-i-brovi	Тридинг (брови)	/krasota/resnizy-i-brovi/arhitektura-brovej	Архитектура бровей	520
5a233c3e-a587-465d-ae97-4b44e70a03b2	/komp_utery-i-it/drugoe	Продвижение сайтов	/raznoe/internet-marketolog/seo-prodvijenie	Услуги интернет маркетолога по SEO-продвижению	712
b2f586ec-68e4-4e30-9cf4-2ebcf33e379c	/remont-avto/sinomontaj	Мотошиномонтаж заднего колеса	/remont-avto/sinomontaj/sinomontaj	Шиномонтаж	1303
690909f9-2181-4de1-b3b5-d63c75b0c520	/remont-avto/elektrooborudovanie	Замена лампы головного света	/remont-avto/elektrooborudovanie/zamena-lampy-blijnego-sveta	Замена лампы ближнего света на автомобиле	1326
75f7b64f-7a56-40f8-b1cb-3614d8bb80c5	/krasota/kosmetolog	Микротоковая терапия: уход за кистями рук			0
6b70aa83-fcba-4644-9e2e-38d2ae274e90	/repetitory-i-obucenie/anglijskij-azyk	Международный экзамен ielts 18+ - абонемент на 8 занятий с переносом	/repetitory-i-obucenie/anglijskij-azyk/mejdunarodnyj-ekzamen-ielts	Международный экзамен IELTS	2297
9e1742b3-f96a-4b34-9047-86036133ac64	/dizajnery/dizajner-inter_erov	Концептуальный дизайн.			0
366ee2ce-286d-4082-aa45-4a04b059d08d	/komp_utery-i-it/administrirovanie	Консультирование по Битрикс24	/komp_utery-i-it/administrirovanie/konsul_tazia	Консультации системных администраторов	288
8ce09d48-2bcd-483e-b1e4-5b5c5e9e167e	/remont-i-stroitel_stvo/drugoe	Лист с доставкой			0
e20f9a6e-388a-4a63-bcb3-f676ee316817	/raznoe/drugoe	Аренда прицепа 2300x1500x1450			0
7c3ae339-4ba4-4480-8b58-78f0c2c3c8d4	/remont-i-stroitel_stvo/potolki	Натяжные потолки с подсветкой	/remont-i-stroitel_stvo/potolki/montaj-natajnogo-potolka	Монтаж натяжного потолка	1795
58b0e5d0-61f5-4172-b381-cf4633eeab71	/remont-i-stroitel_stvo/drugoe	Арматура и металлопрокат с доставкой с металлобазы Сосновый Бор			0
d44f06ac-f54a-49d5-aefa-6b8c30a015dc	/raznoe/internet-marketolog	Индивидуальная email-маркетинг стратегия	/raznoe/internet-marketolog/email-marketing	Услуги интернет-маркетолога по email-маркетингу	711
d4947037-6f26-44d9-a9cc-2142368368d5	/raznoe/obezzarajivanie	Уничтожение шершней 			0
f7f63e27-b227-45ae-8090-6409978d7893	/remont-i-stroitel_stvo/elektromontajnye-raboty	Монтаж и подключение точечных элементов света в потолке «Армстронг»	/remont-i-stroitelstvo/elektromontazhnyie-rabotyi/ustanovka-tochechnogo-svetilnika	Установка точечного светильника	4233
08b3f1b3-d838-41c5-b933-e8810e2198f5	/remont-i-ustanovka-tehniki/remont-promyslennogo-oborudovania	Ремонт сварочных генераторов			0
6bd75284-5bd8-44a9-9934-eab66c70e68e	/organizazia-meropriatij/reklama-i-prodvijenie	Реклама на подъездах жилых домов	/organizazia-meropriatij/reklama-i-prodvijenie/raskleivanie-ob_avlenij	Расклеивание объявлений	667
1cb35cf0-0fa6-4fd6-b7e3-442e3aa18ce3	/uborka-i-hozajstvo/drugoe	Уничтожение тараканов генератором холодного тумана	/raznoe/obezzarajivanie/unictojenie-tarakanov	Уничтожение тараканов	780
ade980be-01fa-45ec-965b-5cfb61d4ada7	/gruzoperevozki-i-kur_ery/stroitel_nye-gruzy-i-oborudovanie	Квартирный переезд	/gruzoperevozki-i-kur_ery/pereezd/kvartirnyj-vereezd	Квартирный переезд	4089
b37a5710-f403-46a7-ac9e-51d2b77c4d9e	/arenda/transport	Аренда большого автобуса	3620	Аренда автобуса	3620
9dd1a745-6b64-4751-bf0c-6ded3b78f290	/tvorcestvo,-rukodelie-i-hobbi/drugoe	Портреты карандашом на заказ 			0
43952a0d-6428-4949-b2e5-e36aebe6416e	/repetitory-i-obucenie/slovenskij-azyk	Перевод на словенский язык	/raznoe/perevodcik/dokument	Перевод документа на другой язык	792
06a61828-6c4c-4473-b1d3-52f2cf5507c4	/raznoe/restavrazionnye-uslugi	Перетяжка мебели	/remont-i-stroitel_stvo/mebel_/peretajka-mebeli	Перетяжка мебели	1659
af2af98b-9e27-40fc-bce6-258b1415190d	/remont-i-stroitel_stvo/remont-kvartir-i-domov	Доставка дверей			0
2f129898-1acd-4439-a62f-6c329bcb6469	/remont-i-stroitel_stvo/dveri-i-zamki	Врезка замка (купе) 	/remont-i-stroitel_stvo/dveri-i-zamki/ustanovka-zamka	Установка дверного замка	1447
9725a775-fea8-4155-b6ce-d98c70755067	/repetitory-i-obucenie/drugoe	Консультация по написанию отчета по практике			0
e71d17f2-72a5-4406-b9e5-9e7ed1503db9	/remont-i-stroitel_stvo/zabory-i-ograjdenia	Установка панельных ограждений 3D			0
e1590e95-f285-46f1-8998-a6b97f606147	/krasota/makiaj	Макияж - ресницы/ брови/ губы			0
531e6137-e7ae-4e66-a517-aaeed66ba1aa	/uborka-i-hozajstvo/remont-odejdy	Утюжка брюк 	/uborka-i-hozajstvo/uborka/glajenie-bel_a	Глажение белья	3127
4b824a4d-31b1-41ca-9734-798ea74e22c9	/foto-i-video/fotosessia	фотосъемка автомобилей	/foto-i-video/fotosessia/predmetnaa	Предметная фотосессия	3088
f0070f7e-fb0b-4a62-8d92-d3a0fac84eda	/krasota/kosmetolog	Пилинг Джесснера 	/krasota/kosmetolog/himiceskij-piling	Химический пилинг	405
68e82ab2-7ad3-4476-af9b-c2444d1f5e23	/uristy/uridiceskie-dokumenty	Отмена судебного приказа 			0
ecbab8d2-1041-4bd8-987e-eec41b3e9068	/remont-i-stroitel_stvo/mebel_	Столешницы для ванной			0
44add8ed-9e5b-40bf-8466-3f3560d9d415	/raznoe/drugoe	Санитарная обработка кулера для воды			0
be694ed0-0a0c-435c-af48-9c381e9e4a59	/remont-i-ustanovka-tehniki/melkaa-bytovaa-tehnika	Ремонт кофемашин: ANIMO	/remont-i-ustanovka-tehniki/melkaa-bytovaa-tehnika/remont-kofemasiny	Ремонт кофемашины	2099
7472ca04-f5b5-4638-8252-14053bba3950	/remont-i-ustanovka-tehniki/remont-promyslennogo-oborudovania	Ремонт рукава высокого давления			0
fe6ec610-6917-412c-8864-e5b72c2a54dc	/remont-i-ustanovka-tehniki/holodil_niki	Ремонт холодильника Стинол	/remont-i-ustanovka-tehniki/holodil_niki/remont-holodil_nikov	Ремонт холодильника	2237
1d2a254b-89d3-4d25-85e4-190a1747d6f9	/repetitory-i-obucenie/nemezkij-azyk	Консультация по дипломной работе по немецкому языку			0
da3603ca-0bd2-44a5-a989-529b65948e11	/remont-i-stroitel_stvo/okna-i-balkony	Регулировка окон			0
9ce3709a-89ea-421a-8fa4-fd4b9460c128	/remont-i-ustanovka-tehniki/mobil_nye-telefony-i-plansety	Замена разъема питания (micro USB) honor	/remont-i-ustanovka-tehniki/mobil_nye-telefony-i-plansety/zamena-raz_ema-zaradki	Замена разъема зарядки мобильного телефона или планшета	2129
b94d3220-ec14-427f-bf45-a4632f7f52d6	/remont-i-stroitel_stvo/stekol_nye-uslugi	Профиль для стеклянных ограждений			0
203b1dc7-d9e8-4945-8e13-e5b271f7ddec	/remont-i-stroitel_stvo/okna-i-balkony	Ремонт роллет			0
f6f9c773-d28f-4a45-a099-3dd49211fc93	/uborka-i-hozajstvo/uborka	Вип (vip) уборка			0
33c5afd6-43a4-428f-8b51-6843f19d3f59	/remont-i-stroitel_stvo/poly-i-napol_nye-pokrytia	Устройство полимерных полов 	/remont-i-stroitel_stvo/poly-i-napol_nye-pokrytia/ustrojstvo-vysokonapolnennogo-polimernogo-pola	Устройство высоконаполненного полимерного пола	1783
1080e0bb-6ab3-4577-846d-aa4a8ffc4fe9	/remont-i-stroitel_stvo/remont-ofisa	Обслуживание служебных помещений и офисов			0
5809af9c-a33c-47d2-8d7f-aa7818c580dd	/repetitory-i-obucenie/drugoe	Дипломная работа по семейному праву на заказ			0
2297fe41-c5ad-4a1c-a5fe-9da1ded5d7bb	/remont-i-ustanovka-tehniki/medizinskaa-tehnika	Ремонт небулайзеров	/remont-i-ustanovka-tehniki/medizinskaa-tehnika/fizioterapevticeskoe-oborudovanie	Ремонт физиотерапевтического оборудования	2092
c613c2a5-d948-4eb9-836e-136a5b4996e2	/uristy/trudovye-spory	Оказание консультационных услуг юридическим лицам по организации экономической безопасности предприятиям			0
0834ba7c-889c-4a25-85db-70a5844b0968	/remont-i-stroitel_stvo/santehniceskie-raboty-i-otoplenie	Поверка счетчиков воды			0
d0ec64a4-f327-4c05-a0ec-76aa98e94256	/uristy/drugoe	Снижение неустойки 			0
66a127d1-dcb1-40ee-b431-904ae0a9e254	/remont-i-stroitel_stvo/burenie	ремонт скважины			0
c315209b-652a-444d-8493-0d7e260ef763	/komp_utery-i-it/komp_uternaa-pomos_	Ремонт ноутбуков и компьютеров MSI	/komp_utery-i-it/komp_uternaa-pomos_/remont-komp_uterov-i-noutbukov	Ремонт компьютеров и ноутбуков	322
1126d55b-9af4-4cd3-a010-b387d61fd104	/tvorcestvo,-rukodelie-i-hobbi/jivopis_	Портрет маслом на заказ по фотографии			0
555900b6-8a71-467a-b6a8-cfd527f81f69	/raznoe/geral_dika-i-genealogia	Авторское иллюстрирование книги (работа художников)	/dizajnery/illustrator/uslugi-hudojnika-illustratora	Услуги художника-иллюстратора	272
490027e7-44e0-461f-8c32-9001ceea1b0e	/uristy/provedenie-nezavisimyh-ekspertiz	Экспертиза финасово-экономическая 			0
544c8bd4-5a21-468d-8258-7a00c1577013	/remont-i-stroitel_stvo/stroitel_stvo-domov-i-kottedjej	Строительство  дач под ключ			0
6e4a5858-31a7-40fe-8551-f9e11cf062b1	/krasota/manikur-i-pedikur	Долговременное покрытие Омбре - 1 ноготь			0
d02ed6e2-2eaf-4d40-898e-0e9e740e6241	/remont-i-ustanovka-tehniki/posudomoecnye-masiny	Ремонт посудомойки сименс	4064	Ремонт посудомоечных машин	4064
237dfb1c-3ab9-45fe-8f38-bb8c1ed787ee	/dizajnery/drugoe	Дизайн афиш, плакатов и т. д.	/dizajnery/graficeskij-dizajner/afisa	Дизайн афиши	242
1a9035c8-f229-450f-902f-ff2f673c391a	/raznoe/strahovanie	Накопительное Страхование жизни			0
726cf96d-940a-43a9-85c7-56a84f9ae7a9	/repetitory-i-obucenie/izobrazitel_noe-iskusstvo	Консультация по контрольной работе по изо и смежным предметам			0
285ae459-bfcf-4c27-9303-ed84e607bfb8	/remont-i-stroitel_stvo/santehniceskie-raboty-i-otoplenie	мотаж отопления в частном доме			0
c1516b2b-c1cd-4688-81fe-3ee98ac0cc58	/remont-i-ustanovka-tehniki/holodil_niki	Ремонт винных шкафов	/remont-i-ustanovka-tehniki/holodil_niki/remont-holodil_nikov	Ремонт холодильника	2237
824408a8-e093-4601-b30f-709e8ff9722e	/remont-i-stroitel_stvo/betonnye-raboty	Бетон для фундамента гаража	/remont-i-stroitel_stvo/betonnye-raboty/ustrojstvo-betonnogo-fundamenta	Устройство бетонного фундамента	1347
51fd1d66-4249-4cb5-913b-5a4d2a781a41	/krasota/manikur-i-pedikur	Покрытие-восстановление ibx, 2-ой уровень	/krasota/manikur-i-pedikur/ukreplenie-nogtej-sistemoj-ibx	Укрепление ногтей системой IBX	467
118543df-ecbd-4808-9098-e7c055527594	/remont-i-ustanovka-tehniki/mobil_nye-telefony-i-plansety	Замена антенны смартфона	/remont-i-ustanovka-tehniki/mobil_nye-telefony-i-plansety/remont-mobil_nyh-telefonov	Ремонт мобильных телефонов	2137
50022a90-8880-4eed-8922-aedb04dc2bbf	/raznoe/dostavka-zvetov	Доставка букета "Розовые мечты"			0
d6a54136-7c45-4041-a9b5-64d7456747e9	/arenda/speztehnika	Коленчатая автовышка	/arenda/speztehnika/avtovyski	Аренда автовышки	34
97ba7996-d09c-47e3-a181-cc0dfe7a1181	/komp_utery-i-it/komp_uternaa-pomos_	ремонт  ноутбуков  acer	/komp_utery-i-it/komp_uternaa-pomos_/remont-komp_uterov-i-noutbukov	Ремонт компьютеров и ноутбуков	322
8bac2708-0889-4e52-89f6-895e1b499d16	/remont-avto/elektrooborudovanie	Замена датчика ABS, внедорожник	/remont-avto/tormoznaa-sistema/zamena-datcika-abs	Замена датчика ABS	1200
4072cdcd-6666-44a5-9310-e11604cd871d	/repetitory-i-obucenie/drugoe	Дисграфия	/repetitory-i-obucenie/logopedy/disgrafia	Коррекция дисграфии с логопедом	2513
0998f0ec-f4a2-4286-a039-1b497e4f2cf4	/repetitory-i-obucenie/filosofia	Консультация по атестационным работам по философии и смежным предметам			0
923dc349-bc80-491e-915a-49f520cfaa2e	/foto-i-video/ozifrovka	Копировальные работы	/raznoe/poligraficeskie-uslugi/kopiroval_nye-raboty	Копировальные работы	798
f90ad2fc-98d2-4020-9cbb-2728c4a2a071	/remont-i-stroitel_stvo/okna-i-balkony	Замена глухой створки на открывающуюся			0
252a918c-e6aa-466f-8b21-fc605dad78a8	/gruzoperevozki-i-kur_ery/perevozka-vesej	Гружу вожу, Манипулятор 	/gruzoperevozki-i-kur_ery/uslugi-manipulatora/uslugi-manipulatora	Услуги манипулятора	212
e627b150-bd68-4c57-a847-23ac25b924a8	/remont-i-stroitel_stvo/mebel_	Заказать шкаф-купе	/remont-i-stroitel_stvo/mebel_/izgotovlenie-skafa-kupe	Изготовление шкафа-купе	1655
cfea631a-f099-4ab7-b7b6-1821303eb360	/trenery/fitnes	Составление плана питания на 1 месяц			0
e333d224-d515-41d9-980c-b29330bc80d4	/remont-i-stroitel_stvo/stroitel_stvo-ban_,-saun-i-bassejnov	Винтовые сваи под баню			0
01ab8d80-e61e-435d-af3f-af0f111af831	/repetitory-i-obucenie/himia	Консультация по вкр по химии и смежным предметам			0
ea5ce1b0-0a95-497d-9fcf-5285b930718a	/komp_utery-i-it/sajty-pod-kluc	Разработка сайта с каталогом	/komp_utery-i-it/programmirovanie/razrabotka-sajtov	Разработка сайтов	343
c8bf3c45-bde2-4126-b0bd-905a930a2663	/tvorcestvo,-rukodelie-i-hobbi/drugoe	Реставрация икон			0
76e73141-413f-43ed-89fb-3804fdaea627	/arenda/transport	Аренда парусной яхты в Сочи	/arenda/transport/teplohody	Теплоходы	68
9a9ce7a9-3030-4518-a529-40107fb03d93	/komp_utery-i-it/komp_uternaa-pomos_	Замена северного моста в нетбуке	/komp_utery-i-it/komp_uternaa-pomos_/remont-i-zamena-komplektuusih	Ремонт и замена комплектующих в компьютерах	321
c8ee395e-4028-480e-9496-6bded8dadc12	/krasota/udalenie-volos	Лазерная эпиляция - Линия бикини	/krasota/udalenie-volos/lazernaa-epilazia:-klassiceskoe-bikini	Лазерная эпиляция: классическое бикини	594
37a25b95-94d0-437a-ba8a-62a1e27cf74b	/remont-i-ustanovka-tehniki/elektrooborudovanie	ремонт домашней  электрической сети - монтаж любого оборудование	/krasota/udalenie-volos/lazernaa-epilazia:-klassiceskoe-bikini	Лазерная эпиляция: классическое бикини	594
2fdeeee2-ddb8-483f-96a5-9f885b9150f0	/uborka-i-hozajstvo/uborka	Генеральная уборка комнаты	/uborka-i-hozajstvo/uborka/general_naa-uborka	Генеральная уборка	3126
63b0f6fe-e7fa-4b1d-bfe7-711a8ccd5169	/raznoe/rieltor	Юридические консультации	/raznoe/rieltor/konsultatsiya		4393
4e095fa4-85f0-4c91-a3a2-7a09a482e80c	/gruzoperevozki-i-kur_ery/evakuatory	Эвакуатор круглосуточная подача			0
b8c2f37f-d78f-4f25-86b9-364e32df72fc	/remont-avto/ustanovka-dopolnitel_nogo-oborudovania	Диагностика автономных отопителей Эбешпехер			0
5858f96b-28bd-4d7c-b010-b3ccf94b40b2	/krasota/manikur-i-pedikur	Ремонт 	/krasota/manikur-i-pedikur/remont-nogta	Ремонт ногтя	458
c06dfe33-8e34-446e-b404-25dac6365d53	/gruzoperevozki-i-kur_ery/perevozka-vesej	Сборка и разборка мебели	3610	Сборка и разборка мебели при перевозке	3610
dc641562-3e37-4fc5-8eeb-3af9b40fdbfd	/remont-i-stroitel_stvo/remont-ofisa	Клининг любой сложности. Крови не боюсь.	3554	Уборка офиса	3554
ad935842-5625-4cd2-90ba-3e46cb031a67	/krasota/massaj	Массаж лица			0
6d3394d0-4e99-455b-aaca-0f93ae61ec0f	/gruzoperevozki-i-kur_ery/perevozka-vesej	Любые грузоперевозки переезды доставка от Газели до десятитонника Грузчики			0
71315698-8d1e-4bff-9874-76dff8120594	/krasota/kosmetolog	Маска по проблеме			0
4c56d2a7-eba4-49c6-8925-8f62ff877521	/remont-i-stroitelstvo/kadastrovyie-rabotyi	Производим горизонтальное бурение			0
e004c6f1-70b1-4c0d-ae28-17b001fd883f	/komp_utery-i-it/komp_uternaa-pomos_	Замена блока питания компьютера	/komp_utery-i-it/komp_uternaa-pomos_/zamena-bloka-pitania-komp_utera	Замена компьютерных блоков питания	307
ea9b8ddc-0df6-41a8-bc28-f157b1422076	/foto-i-video/videos_emka	съемка корпоратива			0
e0a92edf-9a71-4170-9783-d8560782eb18	/raznoe/drugoe	набор текста 	/raznoe/kopirajter/uslugi-kopirajtera	Услуги копирайтера	725
8c49927b-a799-4818-9835-316ad7836523	/krasota/kosmetolog	Биоревитализация Teosyal Redensity I (1мл)			0
02044811-1e8e-4622-9e4c-0b233ea5e544	/krasota/udalenie-volos	Депиляция воском: верхняя губа	/krasota/udalenie-volos/depilazia-voskom:-usiki	Депиляция воском: усики	579
42ac4a66-7af9-490d-9ff0-dd3abf710cc2	/remont-i-stroitel_stvo/krovel_nye-raboty	Монтаж мягкой кровли	/remont-i-stroitel_stvo/krovel_nye-raboty/montaj-krovli	Монтаж кровли	1631
762287fe-c4df-469f-851c-568387c69843	/organizazia-meropriatij/vedusie	Ваш ведущий на  юбилей	/organizatsiya-meropriyatij/veduschie/veduschij-prazdnika		4401
1f1d606d-44d3-40d6-ab8d-d3b00bacc772	/uristy/advokaty	Адвокат Голосеевский район Киева			0
77d6688a-6e03-4582-a89a-3bd6055ea850	/repetitory-i-obucenie/franzuzskij-azyk	Занятия по французскому языку	/repetitory-i-obucenie/franzuzskij-azyk/zanatie	Занятие по французскому языку с репетитором	2762
c48bc443-809e-4420-9a78-0c73d5476be3	/remont-i-stroitel_stvo/elektromontajnye-raboty	Сборка электрощита			0
b6cf3301-bcce-461b-b7ca-14e6b6382b44	/remont-i-stroitel_stvo/drugoe	Изготовление кованых элементов 			0
481d3fa8-39ec-4c1d-a8dc-acf27c6289ea	/remont-i-stroitel_stvo/snos-i-demontaj	Демонтаж дымовых кирпичных труб	/remont-i-stroitel_stvo/kladka-pecej-i-kaminov/demontaj-dymohoda	Демонтаж дымохода	1594
8278536c-a8e2-4335-b83c-3b85adede25e	/komp_utery-i-it/administrirovanie	Обслуживание веб сайта			0
8cda1828-69a0-4649-aae4-4a41a228157b	/krasota/kosmetolog	Консультация косметолога одновременно с процедурой			0
528131d0-327b-4d4a-917a-9e30427fc694	/remont-i-ustanovka-tehniki/remont-promyslennogo-oborudovania	Ремонт компрессоров Hiblow			0
52cb6dd1-6f09-4a8d-a03b-32f025695356	/komp_utery-i-it/komp_uternaa-pomos_	Ремонт Macbook 15 (Макбук 15)	/komp_utery-i-it/komp_uternaa-pomos_/remont-komp_uterov-i-noutbukov	Ремонт компьютеров и ноутбуков	322
b6a5dc87-4362-452c-9387-4556adfe4726	/krasota/udalenie-volos	Эпиляция воском (руки до локтя)	/krasota/udalenie-volos/depilazia-voskom:-ruki	Депиляция воском: руки	578
a7ae8d2c-83cb-4b8c-bb8c-003d89fca597	/remont-i-stroitel_stvo/master-na-cas	ремонт квартир	/remont-i-stroitel_stvo/master-na-cas/master-na-vse-ruki	Мастер на все руки	1644
15195bc9-f11a-407d-bca4-0251ec991279	/remont-i-stroitel_stvo/ohrannye-sistemy-i-kontrol_-dostupa	монтаж охранной системы	/remont-i-stroitel_stvo/ohrannye-sistemy-i-kontrol_-dostupa/ustanovka-ohrannoj-sistemy	Установка охранной системы	1739
b213d5f6-8e6e-4eda-8fd0-d334909601d4	/krasota/drugoe	Индивидуальный подбор косметики			0
f4f60701-2040-425d-9f3b-a4be51ec80b6	/gruzoperevozki-i-kur_ery/vyvoz-musora	утилизация досок			0
60d929f1-f60f-4df5-9f70-52152b389a93	/arenda/speztehnika	Перевозка ЖБИ манипулятором	/gruzoperevozki-i-kur_ery/uslugi-manipulatora/uslugi-manipulatora	Услуги манипулятора	212
73e7b4b8-7470-43a4-a4ce-4c1fa3198827	/remont-i-stroitel_stvo/stroitel_stvo-ban_,-saun-i-bassejnov	Строительство сауны в загородном доме			0
bd749a3f-58f5-4c76-ac8d-f3f7728cd4a6	/raznoe/restavrazionnye-uslugi	Реставрация пластиковых окон и дверей			0
5c7dc530-5055-47fc-b9e0-30686c3c3e65	/remont-i-ustanovka-tehniki/mobil_nye-telefony-i-plansety	Замена датчика приближения (Iphone)			0
6b607232-109d-42ed-afc8-9c769b10a4ab	/repetitory-i-obucenie/drugoe	Промышленная безопасность			0
28fa61ce-fd6e-4bca-a4d1-f6ee9e0c89f4	/ohrana-i-detektivy/detektivy	Проверка контрагентов			0
65d19f3c-27e0-4e69-9aac-aac377f711a1	/remont-i-stroitel_stvo/drugoe	спил деревьев			0
84ad2dd5-1c80-416b-aba3-ad764de28b0b	/raznoe/drugoe	Подготовка плана для суда с заключением кадастрового инженера			0
e8771367-021b-4648-91b6-ab7b6375c180	/uborka-i-hozajstvo/uborka	уборка после ремонта в городе Долгопрудный	/uborka-i-hozajstvo/uborka/uborka-posle-remonta	Уборка после ремонта	3134
c511a070-592a-49ee-b1fb-b1a70cd4ca38	/uristy/provedenie-nezavisimyh-ekspertiz	Оценка чрезвычайных происшествий для наследства, нотариуса, продажи, суда, банка			0
06321e22-aa61-489a-8ea1-3bd53d1b1de9	/uristy/kreditnye-spory	Консультация кредитного специалиста			0
a198e9c1-506f-40a7-8b4a-db580460efc3	/krasota/manikur-i-pedikur	Покрытие ногтей лаком (комплекс) на руках и ногах			0
bb4bc978-69ac-4954-b39b-82f493b735cd	/uristy/zemel_nye-spory	Перераспределение земельных участков	/uristy/zemel_nye-spory/soprovojdenie-sdelok-s-zemlej	Юридическое сопровождение сделок с землёй	3284
7ec7b38d-a3be-4e1b-a05e-4918201186d9	/krasota/kosmetolog	Массаж лица			0
31f1d0ce-cc0e-48da-8bcf-37c3bfc79cad	/uristy/vnesenie-izmenenij-v-ucreditel_nye-dokumenty-kompanii	Смена директора в НКО			0
d59fcabc-ccfe-4c94-9cea-3756751027d0	/uborka-i-hozajstvo/drugoe	Осетинские пироги			0
6ab6bbbd-286a-428f-a7f8-4a6be5bb5f5c	/remont-i-stroitel_stvo/dorojnoe-stroitel_stvo	Строительство автомобильных дорог			0
4e6b4388-35e1-4a88-bb0e-769a1a9ee33d	/remont-i-ustanovka-tehniki/kondizionery	Ремонт кондиционера LG (Элджи)	/remont-i-ustanovka-tehniki/kondizionery/remont-kondizionera	Ремонт кондиционера	2073
fffdada4-bf95-45ac-ad88-e373934217c7	/krasota/manikur-i-pedikur	Маникюр без покрытия аппаратный	/krasota/manikur-i-pedikur/apparatnyj-manikur	Аппаратный маникюр	428
f5a59bdc-4111-4868-b4c0-cd482308aab9	/krasota/barber	Коррекция бровей Амиго	/krasota/makiaj/korrekzia-brovej	Коррекция бровей	417
80dda26a-1926-460a-8cd9-44b4bf09f9bd	/remont-i-ustanovka-tehniki/holodil_niki	Ремонт холодильников LG	/remont-i-ustanovka-tehniki/holodil_niki/remont-holodil_nikov	Ремонт холодильника	2237
e0e8945e-6d5c-4484-b399-8637381aed9a	/remont-i-stroitel_stvo/svarocnye-raboty	Укладка плитки			0
16636253-b5ee-487d-a82a-621409d345c5	/krasota/parikmaher	Укладка волос (по форме, локоны)			0
76c0a91b-ece9-4b47-80e1-af13542f6a2a	/raznoe/buhgalter	Заполнение декларации 3 НДФЛ на имущественный вычет			0
98aeb250-e172-4256-9ca7-5594c7a7d26e	/krasota/udalenie-volos	Депиляция воском: подбородок			0
9e274d38-be90-4cae-ba93-86a4cbd9c302	/raznoe/drugoe	Печать для индивидуального предпринимателя (ИП)	/raznoe/melkie-uslugi/izgotovlenie-pecatej-i-stampov	Изготовление печатей и штампов	4110
6210b324-4d29-4d6a-9dc0-20780c0d03aa	/arenda/drugoe	Снять квартиру			0
5f3b4dd4-d487-4b2c-bc92-2ee74b8f3f43	/remont-i-stroitel_stvo/poly-i-napol_nye-pokrytia	Монтаж террасной доски			0
feede81d-f2f1-492b-b30c-c852bcfd7f89	/arenda/drugoe	Перевозка лежачих больных. Подъем на этажи. 	/gruzoperevozki-i-kur_ery/drugoe/perevozka-bol_nyh	Перевозка больных	185
5e9131a5-d27d-4106-8aa1-9d23a6b89c42	/raznoe/obezzarajivanie	Дезинфекция тараканов	/raznoe/obezzarajivanie/unictojenie-tarakanov	Уничтожение тараканов	780
7fd7b0df-e13d-4971-8a76-b8851e3624c8	/repetitory-i-obucenie/anglijskij-azyk	Групповые занятия для 0-1 классов			0
204e18d1-caa1-4ddd-8fe3-7263ae13ae99	/raznoe/drugoe	Изготовление факсимиле (печать-подпись)			0
dea54169-08c5-4c22-8c8a-6d37b5034d37	/gruzoperevozki-i-kur_ery/uslugi-gruzcikov	Грузовое такси с грузчиками			0
badab43c-f217-41b7-bdf4-ac0076b17578	/komp_utery-i-it/komp_uternaa-pomos_	Ремонт нетбуков	/komp_utery-i-it/komp_uternaa-pomos_/remont-komp_uterov-i-noutbukov	Ремонт компьютеров и ноутбуков	322
09a4afe5-325a-4fd6-aab6-ee0f3caa1659	/uristy/semejnye-spory	Услуги юриста по заключению брака			0
09e3d89b-d66d-455a-bb0e-149381c496ff	/gruzoperevozki-i-kur_ery/uslugi-gruzcikov	грузчики на час	/gruzoperevozki-i-kur_ery/uslugi-gruzcikov/uslugi-gruzcikov	Услуги грузчиков	210
60761b35-9043-45d3-8371-b0a1cf4de78c	/uristy/uridiceskoe-soprovojdenie-sdelok	Сопровождение сделок с недвижимостью	/uristy/jilisnye-spory/soprovojdenie-sdelok-s-nedvijimost_u	Юридическое сопровождение сделок с недвижимостью	3238
e81cddb4-fb7c-4d39-8df8-b7690e7da2ce	/raznoe/poligraficeskie-uslugi	Печать фотокниги	/raznoe/poligraficeskie-uslugi/pecat_	Полиграфическая печать	801
cda17376-b14d-43bb-9c0d-d8e027d2a409	/remont-i-ustanovka-tehniki/kuhonnye-plity	Подключить варочную панель к электросети	/remont-i-stroitel_stvo/elektromontajnye-raboty/podklucenie-elektriceskoj-varocnoj-paneli	Подключение электрической варочной панели	2021
42434343-28fb-4379-85ce-4e1646b43c7a	/repetitory-i-obucenie/kursy-i-master-klassy	Электромонтер по ремонту аппаратуры релейной защиты и автоматики 3 разряда - Профессиональное обучение, 198 ч			0
1fd1616b-7ec3-456f-8a7c-e2614cd6f63d	/gruzoperevozki-i-kur_ery/perevozka-vesej	Переезд в другой город мебель	/perevozki-i-kureryi/mezhdugorodnyie-perevozki/mezhdugorodnie-pereezdyi		4323
53e57019-d90d-4bff-a0f7-657e0c06a5df	/remont-i-ustanovka-tehniki/stiral_nye-masiny	Ремонт неисправностей стиральных машин	4023	Ремонт стиральной машины	4023
334ac9fc-f438-49a6-b8f5-c1300bfd9aee	/krasota/manikur-i-pedikur	Мужской аппаратный маникюр	/krasota/manikur-i-pedikur/mujskoj-manikur	Мужской маникюр	448
eb1865db-1b71-4174-b3e8-f2ad3ecb1376	/remont-i-stroitel_stvo/santehniceskie-raboty-i-otoplenie	Услуги Сантехника  			0
d415413e-8388-4613-ab5c-2b0c9dfe0b5e	/remont-i-stroitel_stvo/mebel_	перетяжка мебели с пошивом изделия	/remont-i-stroitel_stvo/mebel_/peretajka-mebeli	Перетяжка мебели	1659
11234146-79dd-465f-8835-f05ad2b20c1c	/krasota/parikmaher	Стрижка детская модельная (до 7 лет)	/krasota/parikmaher/detskaa-strijka	Детская стрижка	491
a1979784-6eb5-4b3a-85b5-c3dc8da004e7	/uristy/reorganizazia-uridiceskih-liz	Сопровождение реорганизации юридического лица			0
c6788383-778a-4bd7-a885-48271862f613	/raznoe/obezzarajivanie	Обработка от плесени и грибка	/raznoe/obezzarajivanie/izbavlenie-ot-pleseni-i-gribka	Избавление от плесени и грибка	776
b69abfab-1a91-4aec-a10f-e852bdbec533	/remont-i-stroitel_stvo/drugoe	Алмазная резка проемов	/remont-i-stroitel_stvo/drugoe/almaznaa-rezka	Алмазная резка	1467
5b1c3f4e-1cea-439b-9bea-6f389c977788	/dizajnery/dizajner-inter_erov	Дизайн квартиры	/dizajnery/dizajner-inter_erov/dizajn-proekt-inter_era-kvartiry	Дизайн-проект интерьера квартиры	261
6a97815f-ad69-45e7-9bc2-ebce854d1b5e	/krasota/manikur-i-pedikur	Покрытие ногтей Shellac (ноги)			0
2e9895d9-e126-4133-8faa-80d096f2a902	/komp_utery-i-it/administrirovanie	Программирование 1С	/komp_utery-i-it/programmirovanie/1s	Программирование на 1C	330
2bceddbf-af64-4532-a79f-7164179cb643	/remont-avto/kondizionery-i-otoplenie	Заправка автокондиционера opel	/remont-avto/kondizionery-i-otoplenie/zapravka-kondizionera	Заправка автокондиционера	993
802c1947-ec85-40f1-95df-32e06772ec7b	/dizajnery/drugoe	Дизайн обложки			0
85ce2f38-75e8-49bb-961a-fe6f7aaf0981	/krasota/kosmetolog	пилинг тса-джесснер	/krasota/kosmetolog/piling-tsa-dla-liza	ТСА-пилинг лица	393
5fc80b69-9276-4c2e-a261-e789f659a8d6	/raznoe/rekruter	Рекрутер пакет "Хелп"	/raznoe/rekruter/rekruter	Услуги рекрутера	821
5c54c26b-22c2-4e87-a584-212849da83b9	/raznoe/internet-marketolog	Продвижение в Telegram			0
e7ddf47a-6de5-40b8-8df7-5db72281bd2a	/uristy/registrazionnye-uslugi	Регистрация права общей собственности на землю	/uristy/jilisnye-spory/registrazia-prava-sobstvennosti-na-nedvijimost_	Регистрация права собственности на недвижимость	3232
382aa6ba-3c6e-4d36-8bd5-ac6852d0970f	/raznoe/drugoe	Услуги Сантехника - Электрика	/remont-i-stroitel_stvo/master-na-cas/santehniceskie-raboty	Сантехнические работы	1647
eb37e0f4-a20b-4030-8524-71b95c3a55ac	/krasota/parikmaher	Мытье головы (мужчины)			0
6e478e07-48ba-49da-a3d4-5745f906bc3c	/uristy/advokaty	Возврат страховок по кредитам 	/uristy/kreditnye-spory/umen_senie-denejnyh-vyplat-po-kreditu	Помощь юристов в уменьшении денежных выплат по кредитам	3312
f37ad783-9d1d-497c-9285-e4a280f97092	/remont-i-ustanovka-tehniki/mobil_nye-telefony-i-plansety	Замена дисплея (копия) на iPhone 6 Plus	/remont-i-ustanovka-tehniki/mobil_nye-telefony-i-plansety/zamena-ekrana	Замена экрана мобильного телефона или планшета	2135
06142bc1-7c76-4473-ad83-96d8b1852479	/remont-i-stroitel_stvo/gazifikazia	Обслуживание внутриквартирного газового оборудования (ТО ВКГО)			0
9f43c931-8509-40ac-9241-f0ea5db9d4e1	/komp_utery-i-it/komp_uternaa-pomos_	Услуга: Ремонт ноутбуков	/komp_utery-i-it/komp_uternaa-pomos_/remont-komp_uterov-i-noutbukov	Ремонт компьютеров и ноутбуков	322
aa31619a-016d-41c8-ae15-757c58911f66	/remont-avto/mojka	Полировка автомобиля защитной пастой (горячий воск)	/remont-avto/polirovka/polirovka-kuzova	Полировка кузова	4080
82de36de-391a-4c0b-ab9c-33b28a4596f3	/raznoe/obezzarajivanie	Уничтожить клопов в большом количестве. 	/raznoe/obezzarajivanie/unictojenie-klopov	Уничтожение клопов	779
bbabf2d6-3994-4000-8da8-7dfaaf7b975a	/uristy/advokaty	Адвокат по оскорблению представителя власти 319 УК РФ	/uristy/ugolovnye-spory/zasita-poterpevsego	Защита потерпевших в уголовных спорах	3503
fa6b4ea7-3eb9-4db0-b617-c1be6b4807fa	/komp_utery-i-it/komp_uternaa-pomos_	Устранение перегрева - чистка от пыли, замена термоинтерфейсов 	/komp_utery-i-it/komp_uternaa-pomos_/otladka-sistemy-ohlajdenia	Отладка системы охлаждения компьютеров	317
b1ccd16b-826a-48f8-88d8-fedaead27152	/tvorcestvo,-rukodelie-i-hobbi/skrapbuking	Открытки своими руками 			0
732de25b-e54f-404e-bc7c-71964090ca61	/foto-i-video/videos_emka	Музыкальный клип	/foto-i-video/videos_emka/klip	Видеосъёмка клипа	3060
a2b8dbcb-8945-41d9-80c0-db605e53ef3c	/remont-i-stroitel_stvo/fundament	Свайно-винтовой фундамент под каркасного дома	/remont-i-stroitel_stvo/fundament/stroitel_stvo-vintovogo-svajnogo-fundamenta	Строительство винтового свайного фундамента	1999
c567e69d-257a-421e-9368-3bbc254de18c	/remont-i-stroitel_stvo/elektromontajnye-raboty	Разводка электропроводки в ванной	/remont-i-stroitel_stvo/elektromontajnye-raboty/prokladka-kabela	Прокладка кабеля	2024
8c17aba2-4e0b-4fa5-b1d8-f05ff9efa5e0	/foto-i-video/fotosessia	Авто фотография			0
ecb3400f-17c8-46fe-8751-74b153f66662	/raznoe/psiholog	Личный и профессиональный  VIP-коучинг			0
ebc2b5b1-261e-44af-8e5e-2bac2f61af76	/komp_utery-i-it/komp_uternaa-pomos_	Замена системы охлаждения	/komp_utery-i-it/komp_uternaa-pomos_/zamena-kulera	Замена кулеров в компьютерах	309
6ee3f8f0-6ee8-446d-b0b9-ce74433afde6	/remont-i-stroitel_stvo/mebel_	Гостиные на заказ	/remont-i-stroitelstvo/mebel/izgotovlenie-komplektov-mebeli-dlya-gostinoj		4310
15773eed-b615-48c6-98ec-7d1e55f8fca1	/remont-avto/transmissia	Ремонт коробки автомат	/remont-avto/transmissia/remont-akpp	Ремонт АКПП	1243
96bafee4-c4b1-4598-84b8-5aaadf9e01af	/remont-i-stroitel_stvo/mebel_	Мебель и оборудование для салона красоты в наличии и под заказ	/remont-i-stroitel_stvo/mebel_/izgotovlenie-mebeli	Изготовление мебели	1654
a08807f5-e161-4cca-9d42-d225bbce46bd	/raznoe/kopirajter	Коммерческое предложение			0
3180031a-7ab9-4a8f-a45d-52fd93671fbb	/komp_utery-i-it/drugoe	Продвижение сайтов	/raznoe/internet-marketolog/seo-prodvijenie	Услуги интернет маркетолога по SEO-продвижению	712
d0a0b282-9ea9-4423-8552-57a208355ce2	/uborka-i-hozajstvo/sad-i-ogorod	Измельчение веток мульчером (измельчителем)			0
1b911414-b300-431a-9645-ca8ebc3d2e08	/gruzoperevozki-i-kur_ery/perevozka-vesej	Квартирный переезд 	/gruzoperevozki-i-kur_ery/pereezd/kvartirnyj-vereezd	Квартирный переезд	4089
7d7b018c-99d9-4536-9297-c8d708decdac	/remont-i-stroitel_stvo/elektromontajnye-raboty	Переделка люминисцентного светильника на LED лампы			0
51aaf71f-c992-42b2-b6b3-be89912a5d5d	/foto-i-video/fotosessia	Фото мероприятий 			0
aac38da6-8ada-4fcd-99e0-0724f0f024d8	/foto-i-video/postobrabotka	Печать фотографий	/raznoe/poligraficeskie-uslugi/pecat_-fotografij	Печать фотографий	802
21691240-e8b5-478e-bdc8-4ea13a37205a	/remont-i-stroitel_stvo/mebel_	Мебель на заказ	/remont-i-stroitel_stvo/mebel_/izgotovlenie-mebeli	Изготовление мебели	1654
76c740c1-7332-49ee-b9ce-e223a01be69c	/remont-i-stroitel_stvo/remont-kvartir-i-domov	Отделка квартир			0
61b36e60-f796-4dff-be78-2ab8897be7da	/raznoe/drugoe	Прием стекла			0
b2ca299d-a87c-4a2b-90b6-a783434fe357	/remont-i-stroitel_stvo/elektromontajnye-raboty	Измерения заземления и молниезащиты			0
ee5f87f6-484f-4349-8d90-9be20e659c32	/arenda/instrument	Отбойный молоток  MAKITA аренда и прокат	/arenda/instrument/otbojnye-molotki	Аренда отбойного молотка	8
5799c471-a462-41dd-966b-ea298fd8408e	/remont-i-stroitel_stvo/potolki	Монтаж натяжного потолка от производителя	/remont-i-stroitel_stvo/potolki/montaj-natajnogo-potolka	Монтаж натяжного потолка	1795
145b268c-826e-45e9-9f3d-f3e4f373afc1	/gruzoperevozki-i-kur_ery/stroitel_nye-gruzy-i-oborudovanie	Полоса горячекатаная 6x64 К с доставкой	/gruzoperevozki-i-kur_ery/stroitel_nye-gruzy-i-oborudovanie/stroitel_nye-gruzy-i-oborudovanie	Перевозка строительных грузов и оборудования	208
b10cfaa6-cb12-4b46-8c60-7136feb6df57	/remont-i-ustanovka-tehniki/drugoe	Ремонт двухконтурного котла			0
32a8e354-6f11-4e75-9d24-526cb4ad63b9	/krasota/manikur-i-pedikur	Мужской маникюр	/krasota/manikur-i-pedikur/mujskoj-manikur	Мужской маникюр	448
88f94c56-d0ba-4198-ad80-0fe4cc574579	/gruzoperevozki-i-kur_ery/kur_ery	Доставка документов			0
f2735655-5af9-4f8e-b5de-f858c58cb535	/repetitory-i-obucenie/drugoe	Занятия по ментальной арифметике (с 55 лет, 8 занятий в месяц)	/repetitory-i-obucenie/matematika/mental_naa-arifmetika	Занятие с репетитором по ментальной арифметике	2556
137c1c0c-ecd0-4d50-af14-0d9e31fc17b2	/repetitory-i-obucenie/buhgalterskij-ucet	Консультация по курсовой работе	/repetitory-i-obucenie/buhgalterskij-ucet/konsul_tazii-po-kursovym-i-diplomnym	Консультации репетитора по курсовым и дипломным по бухучету	2347
704eefd5-a2f4-4a37-89e7-27315da7d399	/uristy/avtomobil_nye-spory	Оспаривание штрафов 	/uristy/avtomobil_nye-spory/osparivanie-strafov	Оспаривание автоштрафов	3156
1ef0ccf9-d19d-41fe-a535-12382f8e49a2	/raznoe/drugoe	Установка системы «Умный дом» под ключ	/remont-i-stroitel_stvo/umnyj-dom/ustanovka-sistemy-«umnyj-dom»-pod-kluc	Установка системы «Умный дом» под ключ	1980
b4912e1a-e239-4538-bf88-9a1232fa9efd	/remont-i-stroitel_stvo/izyskatel_nye-raboty	Инженерно-геодезические изыскания			0
440c9f61-d7fb-4aab-bcf4-0f9a7f52184d	/remont-i-stroitel_stvo/mebel_	Изготовление гостиных	/remont-i-stroitelstvo/mebel/izgotovlenie-komplektov-mebeli-dlya-gostinoj		4310
1bea0418-9112-4a30-87b7-bdf195db4174	/repetitory-i-obucenie/informatika-i-komp_uternye-nauki	Консультация по отчету по практике по информатике и компьютерным наукам			0
9927ef68-e284-41a3-b8c2-37c4e918741a	/repetitory-i-obucenie/izobrazitel_noe-iskusstvo	Консультация по творческим работам по изо и смежным предметам			0
42cae2ba-d805-4fcb-96b1-ddd90069d82b	/raznoe/poligraficeskie-uslugi	УФ печать			0
05ad244e-3921-4be5-87c1-67f0eaa93b46	/remont-i-stroitel_stvo/elektromontajnye-raboty	Бригада электриков			0
17501f92-01c4-4bb7-8106-2e7332f8c439	/remont-avto/ustanovka-dopolnitel_nogo-oborudovania	Установка иммобилайзера ВАЗ	/remont-avto/ustanovka-dopolnitel_nogo-oborudovania/ustanovka-immobilajzera	Установка иммобилайзера в автомобиль	1272
11cc79e9-67a5-4f31-aa1d-848f38965ce3	/remont-i-stroitel_stvo/poly-i-napol_nye-pokrytia	Наливной пол под декоративную штукатурку	/remont-i-stroitel_stvo/poly-i-napol_nye-pokrytia/ustrojstvo-nalivnyh-polov	Устройство наливных полов	1785
f017e485-386d-4a07-83b7-34584e3c1b89	/remont-i-ustanovka-tehniki/audiotehnika	Профессиональный ремонт усилителей мощности.	4027	Ремонт усилителей звука	4027
687d9d35-e279-45fe-89ab-e42f17f0a18e	/gruzoperevozki-i-kur_ery/perevozka-vesej	Грузоперевозки 			0
44a8a4a9-d50c-4da7-9530-e45115f5c4d4	/komp_utery-i-it/komp_uternaa-pomos_	Настройка 1С	/komp_utery-i-it/administrirovanie/administrirovanie-1c	Администрирование 1С	286
6aaff030-59f0-4298-b05b-f9873a0cae4d	/raznoe/obezzarajivanie	Уничтожение мокриц			0
05d8e4c2-59f8-4bf2-8266-9b7b483b1b74	/raznoe/kopirajter	SEO копирайтинг	/raznoe/kopirajter/uslugi-kopirajtera	Услуги копирайтера	725
2c0ec99b-14e5-4b5e-bc0f-2ca1ae143911	/dizajnery/dizajner-inter_erov	Заказать дизайн проект			0
30e3a640-db7f-4b65-afda-e5eb8d94859a	/repetitory-i-obucenie/obucenie-masterov-dla-salonov-krasoty	Ампульный ботокс для волос курсы	/krasota/parikmaher/botoks-dla-volos	Ботокс для волос	488
69d1f22f-532c-4453-a178-212bc643f46d	/remont-i-stroitel_stvo/poly-i-napol_nye-pokrytia	Полусухая стяжка пола в коттеджах			0
093e95f8-b8f8-4c9f-832c-84cfe04ad1fb	/organizazia-meropriatij/drugoe	Организация дня рождения, игра в лазертаг	/organizazia-meropriatij/prazdnik-pod-kluc/den_-rojdenia-i-ubilej	Организация дня рождения или юбилея	654
7db2e219-f83e-48c6-ad4e-3162bd5c3550	/repetitory-i-obucenie/anglijskij-azyk	Видеокурс по английскому языку	3952	Курс с репетитором по английскому языку	3952
6d1e476c-1c45-4fa2-bf1c-e799df2d5158	/foto-i-video/postobrabotka	Фотосессия Пакет S			0
e0fbf486-cab6-4cb8-9158-adc99ee8ab5f	/gruzoperevozki-i-kur_ery/vyvoz-musora	Вывоз мусора из гаража	/gruzoperevozki-i-kur_ery/vyvoz-musora/vyvoz-musora	Вывоз мусора	180
84e9066c-bccc-4159-8cf5-99be169ba00c	/raznoe/drugoe	Таксопарк для подключения такси			0
4b2281e9-ba2a-496f-862e-430071ab1ee6	/remont-avto/drugoe	Полировка фар	/remont-avto/polirovka/polirovka-far	Полировка фар	1095
084a690d-37fe-4eba-925d-db350b03b43d	/remont-i-ustanovka-tehniki/remont-torgovogo-oborudovania	Ремонт счетчиков монет			0
848474bf-8fb7-4866-b0fd-8c1d8ea3a82e	/raznoe/obezzarajivanie	Дезинсекция насекомых			0
2649ee69-a241-4211-978c-7b62aaaf65ed	/raznoe/kopirajter	Перевод текста в письменную форму из аудио и фото			0
d3ab5e07-8d46-4619-9e45-36101247886f	/raznoe/internet-marketolog	Адаптивная верстка			0
1dc8d204-79b0-484d-9b92-955a976c7d4c	/remont-i-stroitel_stvo/fasadnye-raboty	Монтаж композитной черепицы 			0
aba21d06-bc95-49d7-a8b8-3ae6d69c8cac	/uristy/proverka-dokumentov-i-dogovorov	Как получить номера на новую машину в ГИБДД			0
c89c0862-d26c-44ff-aaba-7b547c4528f7	/remont-avto/drugoe	Замена лобового стекла	/remont-avto/remont-avtostekol/zamena-lobovogo-stekla	Замена лобового стекла	1129
7af16352-9552-4710-b2d8-a422ccdf3fef	/uborka-i-hozajstvo/himcistka	Химчистка на дому ортопедических матрасов	/uborka-i-hozajstvo/himcistka/himcistka-matrasov	Химчистка матрасов	3138
ebdf1782-a0f8-4b25-a97f-584cd6f5ecdc	/remont-i-stroitel_stvo/potolki	Монтаж натяжных двухуровневых потолков "Волна"	/remont-i-stroitel_stvo/potolki/montaj-natajnogo-potolka	Монтаж натяжного потолка	1795
1f9dae2d-63c9-4f89-8f92-e94c21fe0876	/gruzoperevozki-i-kur_ery/evakuatory	Эвакуатор Пермский край			0
b4ca8056-a223-425a-b5f5-1d4afef0dde5	/remont-i-ustanovka-tehniki/stiral_nye-masiny	Ремонт не сливающей воду стиральной машины	/remont-i-ustanovka-tehniki/stiral_nye-masiny/remont:-ne-slivaet-vodu	Ремонт не сливающей воду стиральной машины	2196
a1714771-1a22-4770-9632-281670b30089	/remont-i-ustanovka-tehniki/drugoe	Ремонт телевизоров	/remont-i-ustanovka-tehniki/televizory/remont-televizorov	Ремонт телевизоров	2223
54adaed5-3c04-4232-ab3c-747661180778	/komp_utery-i-it/komp_uternaa-pomos_	Консультация и обучение пользователей работе с 1С и ПК 	/komp_utery-i-it/komp_uternaa-pomos_/konsul_tazia-i-obucenie	Консультации и обучение работе с компьютерами	312
03cc3eab-ab0c-44cf-98a2-5741485d1b6e	/raznoe/perevodcik	Перевод статей (англ.-рус.). Расширяем кругозор	/raznoe/perevodcik/dokument	Перевод документа на другой язык	792
ebfd3d26-0415-40a9-ba31-aa0769df445f	/remont-i-stroitel_stvo/fasadnye-raboty	Вентилируемый фасад. Проектирование, поставка, монтаж под "ключ".	/remont-i-stroitel_stvo/fasadnye-raboty/montaj-fasadov	Монтаж фасадов	1991
18e27590-aa60-4128-a800-c8c070a05f13	/komp_utery-i-it/drugoe	Ремонт оргтехники: принтеры, мфу с выездом. Звоните	/komp_utery-i-it/komp_uternaa-pomos_/nastrojka-i-remont-orgtehniki	Настройка и ремонт оргтехники	313
13a42657-5784-4f3e-8b4f-0b91eb9abb57	/remont-avto/remont-avtostekol	Замена стекол для грузовых автомобилей			0
826cb133-4813-4245-82d9-1323f2dd91b7	/uristy/reorganizazia-uridiceskih-liz	Реорганизация путем разделения			0
74d349f3-7f62-4713-97b2-4df16d64ab72	/uristy/provedenie-nezavisimyh-ekspertiz	Экспертиза по расчету ущерба после пожара			0
03bdd7d1-7748-4c2c-861f-460a82effd7f	/raznoe/melkie-porucheniya	Отправка посылки по почте 			0
d6b04432-4d3b-4a83-aff7-7ebf8a692c61	/komp_utery-i-it/drugoe	Составление семантического ядра сайта			0
7c637f2a-4dd6-4674-942b-e571c0fbc284	/raznoe/drugoe	Заточка ножей и бритв			0
a718752e-14e6-4783-ad70-2d2ead6b6343	/remont-i-ustanovka-tehniki/drugoe	Ремонт электрических котлов	/remont-i-stroitelstvo/santehnicheskie-rabotyi-i-otoplenie/remont-elektrokotla	Ремонт электрокотла	4263
b7030d97-4bb2-4632-89bf-3d99d541d749	/tvorcestvo,-rukodelie-i-hobbi/jivopis_	Аэрография	/remont-i-stroitel_stvo/drugoe/aerografia	Аэрография	1470
b8bea936-dcaa-4af0-8654-a42215be0eaf	/raznoe/internet-marketolog	Реклама на ЦА в соц.сетях	/raznoe/internet-marketolog/internet-reklama	Услуги интернет-маркетолога по интернет-рекламе	714
08e3cfed-74b5-43d8-9c69-ff462137c2ad	/gruzoperevozki-i-kur_ery/stroitel_nye-gruzy-i-oborudovanie	Перевозка грузов автоприцепом	/gruzoperevozki-i-kur_ery/stroitel_nye-gruzy-i-oborudovanie/stroitel_nye-gruzy-i-oborudovanie	Перевозка строительных грузов и оборудования	208
cba8a4b7-31f2-4720-a70f-e84561a6c06e	/krasota/spa-prozedury	Лимфодренажное обертывание с глиной	/krasota/spa-prozedury/limfodrenajnoe-obertyvanie	Лимфодренажное обертывание	542
6b98700c-2843-479d-90a5-060cc3e8a697	/remont-i-ustanovka-tehniki/holodil_niki	Ремонт холодильников Galatec на дому (сервис морозильников Galatec)	/remont-i-ustanovka-tehniki/holodil_niki/remont-holodil_nikov	Ремонт холодильника	2237
b5ddeec1-7919-47ea-a93d-252cb85e620a	/gruzoperevozki-i-kur_ery/passajirskie-perevozki	прокат автомобили VIP класса	/arenda/transport/avtomobili	Аренда автомобиля	60
960025bb-146c-4d47-860d-b9b5b5b3a844	/repetitory-i-obucenie/istoria	Консультация по к экзаменам по истории и смежным предметам			0
e7d9c4db-f79d-4ee1-95f5-de1895309dec	/remont-i-stroitel_stvo/vodosnabjenie-i-kanalizazia	Сборка мебели	/remont-i-stroitelstvo/mebel/sborka-mebeli		4320
e4a0547e-9685-43c0-b03c-3981a5064598	/remont-i-ustanovka-tehniki/mobil_nye-telefony-i-plansety	Ремонт ноутбуков любой сложности	/komp_utery-i-it/komp_uternaa-pomos_/remont-komp_uterov-i-noutbukov	Ремонт компьютеров и ноутбуков	322
dff38275-ef4f-406d-b009-a02422405f13	/krasota/udalenie-volos	Шугаринг: глубокое бикини	/krasota/udalenie-volos/depilazia-saharom-(sugaring):-glubokoe-bikini	Депиляция сахаром (шугаринг): глубокое бикини	583
fba9be3d-fd8a-46cb-b76a-1db9c5dafc37	/raznoe/rieltor	Продажа загородной недвижимости 			0
53a76c41-6643-4c19-9716-69e00eec1e00	/remont-i-stroitel_stvo/fasadnye-raboty	Монтаж  планкена 			0
18b8a2bf-52ce-4c05-a0a6-5238dcc44407	/remont-i-stroitel_stvo/elektromontajnye-raboty	Составление сметы на проектные работы	/remont-i-stroitel_stvo/proektirovanie-i-smety/sostavlenie-smety-na-proektnye-raboty	Составление сметы на проектные работы	1812
3bba8f75-9744-421f-85e7-1cf6e2fd97f9	/uristy/avtomobil_nye-spory	Апелляционная жалоба на решение суда (взыскание утраченного заработка вследствие травмы на желлезнодорожном транспорте)	/uristy/uridiceskie-dokumenty/sostavlenie-jalob	Составление жалоб юристом	3527
b8b86194-a292-4e05-97e0-fd90dab5c1e7	/remont-avto/rulevoe-upravlenie	Замена рулевой тяги (коммерческие)	/remont-avto/rulevoe-upravlenie/zamena-rulevoj-tagi	Замена рулевой тяги	1156
27ad4a42-03a0-4ef2-91a7-1ccde7af3128	/foto-i-video/drugoe	Фоторетушь	/foto-i-video/postobrabotka/retus_	Фоторетушь	3078
8dc41516-e1ea-40c9-a08a-07ac6e941c66	/raznoe/melkie-porucheniya	Подбор персонала			0
1c9bab4c-10ca-4174-8820-bdaea2b60d0e	/krasota/manikur-i-pedikur	Дизайн			0
b6b8eef5-9501-4521-bb67-2159a45e2f1c	/remont-i-stroitel_stvo/drugoe	Пайка полипропиленовых труб			0
b7a7e71f-29f0-4cd2-bbe4-27b4c3af8e95	/krasota/massaj	Массаж головы			0
fe21f558-55a5-45ac-81f2-a84366b0058e	/remont-avto/vyhlopnaa-sistema	Диагностика выхлопной системы в случае последующего ремонта	/remont-avto/vyhlopnaa-sistema/diagnostika-vyhlopnoj-sistemy	Диагностика выхлопной системы	870
b17c7328-a0d4-4521-802b-88f05342cfa3	/remont-i-ustanovka-tehniki/stiral_nye-masiny	Запчасти для стиральных машин	4023	Ремонт стиральной машины	4023
bac8ccb6-52bb-4d26-a961-e2926bd6735b	/remont-i-stroitel_stvo/snos-i-demontaj	Демонтажные работы 			0
c35297c9-047b-44f0-b3e5-6b37150c8612	/krasota/resnizy-i-brovi	Окрашивание ресниц хной	/krasota/resnizy-i-brovi/okrasivanie-resniz	Окрашивание ресниц	535
9980a00b-be1d-4200-bb91-f896fccb88de	/remont-avto/transmissia	Ремонт кардана subaru forester	/remont-avto/transmissia/remont-kardannyh-valov	Ремонт карданных валов	1250
d4a0c5a0-2c01-428d-8e7a-57a655284de9	/dizajnery/drugoe	Дизайнер штор			0
f6430424-c13f-447e-9faa-6673172145e0	/remont-i-ustanovka-tehniki/melkaa-bytovaa-tehnika	ремонт бытовых микроволновок	/remont-i-ustanovka-tehniki/melkaa-bytovaa-tehnika/remont-mikrovolnovki	Ремонт микроволновки	2102
24d17051-83e3-406c-b107-298acca33a27	/krasota/drugoe	Комбинированная чистка лица	/krasota/kosmetolog/cistka-liza-kombinirovannaa	Комбинированная чистка лица	408
d3a11f50-7a45-41f2-939f-be60f9ea70dd	/dizajnery/dizajner-inter_erov	Трехмерная визуализация дизайна экстерьеров	/dizajnery/dizajner-inter_erov/trehmernaa-vizualizazia	Трехмерная визуализация дизайна интерьеров	266
18646b3b-0fe9-495e-a121-24eaec4be21a	/raznoe/metalloobrabotka	Изготовление  ограждений для газонов			0
f52c8074-6c5f-4e65-a398-1d664fe82d33	/raznoe/ekskursovod	Экскурсии на инностраных языках			0
165a9b25-bde2-43c6-b6db-8116edb99740	/foto-i-video/drugoe	Создание выпускных альбомов	/foto-i-video/postobrabotka/montaj-foto	Фотомонтаж	3077
b968823c-da63-46e9-8dd2-d5a92ed492c4	/uristy/provedenie-nezavisimyh-ekspertiz	Оценка технологической документации для наследства, нотариуса, продажи, суда, банка			0
8a612076-25da-4454-a58a-74dd2eadf328	/raznoe/drugoe	Триколор ТВ. Установка подключение ремонт обмен. Антенны Триколор ТВ	/remont-i-stroitel_stvo/drugoe/ustanovka-sputnikovoj-antenny	Установка спутниковой антенны	1552
c518e4ca-7ad8-4ea4-ba07-39ab7c167eb5	/remont-i-stroitel_stvo/kladka-pecej-i-kaminov	Кирпичная печь под ключ	/remont-i-stroitel_stvo/kladka-pecej-i-kaminov/kladka-peci	Кладка печи	1604
f1dee5ad-88c0-4be1-868b-f77826dfb977	/remont-i-stroitel_stvo/proektirovanie-i-smety	Проектирование индивидуальных тепловых пунктов, котельных, топочных, бойлерных	/remont-i-stroitel_stvo/proektirovanie-i-smety/proektirovanie-otoplenia-i-vodosnabjenia	Проектирование отопления и водоснабжения	1805
82e4b006-331d-4e44-90ee-4a1625e60e70	/komp_utery-i-it/drugoe	Внедрение и настройка Битрикс24. Обучение работе в системе	/komp_utery-i-it/administrirovanie/nastrojka-1s-bitriks	Настройка 1С-Битрикс	290
2dfdfc9e-b985-46d5-9481-395fb04dfb7b	/gruzoperevozki-i-kur_ery/perevozka-vesej	Грузовые перевозки			0
fa5c8b9e-ce4c-4cdb-a28b-b133cb434a6c	/remont-i-ustanovka-tehniki/mobil_nye-telefony-i-plansety	Ремонт смартфона Asus	/remont-i-ustanovka-tehniki/mobil_nye-telefony-i-plansety/remont-mobil_nyh-telefonov	Ремонт мобильных телефонов	2137
39c87b5a-f106-48c7-a49a-6027ff62b148	/uborka-i-hozajstvo/sad-i-ogorod	Обслуживние плодового сада, декоративных растений.			0
de0b16d7-71ad-43aa-9842-96a96c8d92a0	/repetitory-i-obucenie/drugoe	Обучение психотерапии и психологическому консультированию 			0
e0cafd38-18ae-4979-abce-33dd688a2eb4	/krasota/drugoe	Депиляция сахаром (шугаринг): бедра	/krasota/udalenie-volos/depilazia-saharom-(sugaring):-bedra	Депиляция сахаром (шугаринг): бедра	582
ac35f7b7-5656-4843-a8ff-66cbea7d498f	/remont-i-ustanovka-tehniki/mobil_nye-telefony-i-plansety	Восстановление после залития (срок диагностики отремонтированного аппарата 5 дней) телефона	/remont-i-ustanovka-tehniki/mobil_nye-telefony-i-plansety/remont-mobil_nyh-telefonov	Ремонт мобильных телефонов	2137
e2b69a42-60e8-48e8-b4d7-3f9763253abe	/remont-i-stroitel_stvo/potolki	монтаж натяжных потолков без газа	/remont-i-stroitel_stvo/potolki/montaj-natajnogo-potolka	Монтаж натяжного потолка	1795
dd3ded82-7d5a-4bd0-9f75-37282834beee	/repetitory-i-obucenie/biologia	Консультация по решению тестов по биологии и смежным предметам			0
b612097e-00e3-42d1-965c-09a976be0884	/raznoe/drugoe	Срочный выкуп авто			0
c788c823-c281-467b-a42a-62a0fff6ff8a	/remont-i-stroitel_stvo/zabory-i-ograjdenia	Монтаж автоматики на распашные ворота	/remont-i-stroitel_stvo/zabory-i-ograjdenia/montaj-avtomatiki-na-vorota-i-kalitki	Монтаж автоматики на ворота и калитки	1565
530af0c7-0002-46a1-bcc7-4e6177a9f458	/arenda/speztehnika	Аренда крана 	/arenda/speztehnika/avtokrany	Аренда автокрана	36
e4a1c2d9-0a4f-4f94-8815-a84e6b559c07	/repetitory-i-obucenie/kursy-i-master-klassy	Обучение рекламе			0
9795f1d9-7b3f-48f8-a28f-fdfc4d254250	/uristy/likvidazia-uridiceskih-liz	Закрытие ИП			0
8c5430d3-938c-46dc-afa0-48fef4bb2184	/komp_utery-i-it/komp_uternaa-pomos_	Ускорение работы системы	/komp_utery-i-it/komp_uternaa-pomos_/diagnostika	Диагностика компьютеров	306
b77f601d-2a70-4781-a7bf-b5cc0ec20f36	/remont-i-ustanovka-tehniki/drugoe	Ремонт Утюгов	/remont-i-ustanovka-tehniki/melkaa-bytovaa-tehnika/remont-utuga	Ремонт утюга	2111
58030b75-1dfc-4899-8ebb-60ffea5ed289	/raznoe/strahovanie	Медицинское страхование иностранных граждан			0
575862f0-5866-4ae4-8283-f29d89e75f35	/krasota/kosmetolog	Фитиновый уход для лица Anti Age			0
af6e9eab-696f-44fe-93bb-4c848ec84309	/repetitory-i-obucenie/franzuzskij-azyk	Подготовка к поступлению во Французский Университетский Колледж (CUF)			0
06eac1ab-3f07-4ac9-9b56-d63eb4698e28	/remont-i-ustanovka-tehniki/stiral_nye-masiny	Ремонт стиральной машины Indesit WIA 100 CSI	4023	Ремонт стиральной машины	4023
577d0fd0-a131-482c-b44e-1458421c679e	/uristy/uridiceskoe-soprovojdenie-sdelok	Составление претензии на возврат товара	/uristy/zasita-prav-potrebitelej/sostavlenie-zaavlenia-na-vozvrat-tovara	Составление заявлений на возврат товаров	3266
5c39f680-d0dc-4a89-aad1-ab98079ad31e	/arenda/instrument	Перфоратор Makita HR 2470	/arenda/instrument/perforatory	Аренда перфоратора	10
d54d92f4-4756-4abb-be96-1ef38d78b8c9	/gruzoperevozki-i-kur_ery/uslugi-gruzcikov	Разнорабочие			0
e6faeb1e-9be8-498f-a806-033994c22b51	/komp_utery-i-it/komp_uternaa-pomos_	Установка оперативной памяти			0
2ae9f6ab-38c4-4c25-ace4-94099fe99492	/raznoe/drugoe	Изготовление светильников по дизайну заказчика			0
1a6d17d8-9cfa-4c42-9858-c98b1574132b	/repetitory-i-obucenie/izobrazitel_noe-iskusstvo	Консультация по семестровым работам по изо и смежным предметам			0
505408f1-0cc7-41d4-9921-3172301d97f4	/dizajnery/dizajner-inter_erov	Дизайн- проект фитнес- центра			0
c3714289-3178-485c-b09f-2401f4549b4d	/dizajnery/upakovka-i-reklama	Дизайн визитки	/dizajnery/graficeskij-dizajner/vizitka	Дизайн визитки	245
f45608db-5f65-49ac-b9b0-3d4426930548	/raznoe/drugoe	Дератизация	/raznoe/obezzarajivanie/unictojenie-gryzunov	Уничтожение грызунов	778
d3f95d37-1eb9-4772-9502-17667589913f	/foto-i-video/fotosessia	Детские праздники	/foto-i-video/fotosessia/detskaa	Детская фотосессия	3083
61444268-4ead-447d-aafb-556493527390	/uborka-i-hozajstvo/sad-i-ogorod	монтаж систем автоматического полива			0
faefb804-ba0c-4f09-8ea7-0e9eb6f4dca6	/remont-i-stroitel_stvo/okna-i-balkony	Ремонт фурнитуры в окнах			0
2f9a435d-9442-45ea-be98-0774a46454fc	/remont-i-ustanovka-tehniki/mobil_nye-telefony-i-plansety	Ремонт iPad Apple	/remont-i-ustanovka-tehniki/mobil_nye-telefony-i-plansety/remont-plansetov	Ремонт планшетов	2138
065743e9-a8e3-48a4-85aa-9140caee869a	/uborka-i-hozajstvo/uborka	Ежедневная уборка квартир и загородной недвижимости	/uborka-i-hozajstvo/uborka/podderjivausaa-uborka	Поддерживающая уборка	3131
3d3a7577-8590-4280-8edd-64af01fa9fd7	/tvorcestvo,-rukodelie-i-hobbi/vazanie	Вязание игрушек и сувениров	/tvorcestvo,-rukodelie-i-hobbi/vazanie/vazanie	Вязание	2816
ac759448-c5b3-4241-9b49-bf1419604018	/remont-i-stroitel_stvo/drugoe	Установка кондиционера	/remont-i-stroitel_stvo/vysotnye-raboty/montaj-kondizionera	Монтаж кондиционера	1398
898e3a40-35f8-45e8-a1cc-56aef7c6a24f	/remont-i-ustanovka-tehniki/stiral_nye-masiny	Ремонт стиральных машин: Avex	4023	Ремонт стиральной машины	4023
1cb0d948-680a-4ebd-af06-4fb72195e181	/remont-i-stroitel_stvo/poly-i-napol_nye-pokrytia	Укладка ламината	/remont-i-stroitel_stvo/poly-i-napol_nye-pokrytia/ukladka-laminata	Укладка ламината на пол	1777
560756d2-297f-4de3-90e4-12cc4dd5add1	/krasota/parikmaher	Укладка волос мужская			0
3415959e-711c-411d-a3dc-f76f990a86a9	/tvorcestvo,-rukodelie-i-hobbi/jivopis_	Живопись на заказ.	/tvorcestvo,-rukodelie-i-hobbi/jivopis_/jivopis_	Живопись	2819
f73cbba3-07f0-44f0-98a3-462b82721261	/repetitory-i-obucenie/logika	Консультация по ргр по логике и смежным предметам			0
a79105ab-a13f-4391-9383-4016008863a4	/remont-i-stroitel_stvo/okna-i-balkony	Регулировка пвх окон			0
14e26480-4cd4-4fa7-b3b7-c5144d3c1796	/uristy/kreditnye-spory	Составление документов любой сложности			0
7b9f9182-3923-4aa1-8a16-b448c753b0cd	/remont-i-stroitel_stvo/remont-kvartir-i-domov	Предчистовая отделка White Box работа с материалами.			0
1c26559d-c4e6-4783-b39c-1329f6e70e2b	/repetitory-i-obucenie/anglijskij-azyk	Групповые занятия по английскому языку	/repetitory-i-obucenie/anglijskij-azyk/zanatie	Занятие с репетитором по английскому языку	2282
b2e9b175-169f-4cc2-a430-777eb332d611	/remont-i-stroitel_stvo/remont-kvartir-i-domov	Ремонт однокомнатной квартиры			0
67330be9-0e4e-4661-a8b4-f422f4e0fbb9	/remont-i-stroitel_stvo/ohrannye-sistemy-i-kontrol_-dostupa	Беспроводный датчик контроля протечки воды			0
75eb2b1c-5f29-468f-a2a2-74a67cf2e55a	/gruzoperevozki-i-kur_ery/mejdugordnie-perevozki	Транспортная компания Пенза	/gruzoperevozki-i-kur_ery/mejdugordnie-perevozki/mejdugordnie-perevozki	Междугородние перевозки	197
f6a4e64b-f73e-486c-b089-bb804ead630a	/krasota/parikmaher	Мужская стрижка (под насадку)	/krasota/parikmaher/mujskaa-strijka	Мужская стрижка	499
f2c0c3d4-f1da-4e8f-8737-f277d6ced69e	/gruzoperevozki-i-kur_ery/vyvoz-musora	Вывоз стенки	/gruzoperevozki-i-kur_ery/vyvoz-musora/vyvoz-musora	Вывоз мусора	180
c80ef1f3-b2f7-4d08-af52-63765214ef70	/krasota/stilist	Онлайн шопинг			0
e16c07cb-5b83-49dc-ad58-9fbab2ab85f9	/komp_utery-i-it/komp_uternaa-pomos_	Настройка безопасности сети			0
73644f19-7c43-4722-973a-175be5d80229	/uristy/provedenie-nezavisimyh-ekspertiz	Оценка ущерба после залива квартиры, дачи, дома			0
c25ea8cf-d1f9-43b2-8869-fd3da7788ca9	/gruzoperevozki-i-kur_ery/perevozka-vesej	Грузовые перевозки 			0
e3de11a8-8400-43eb-b938-a9c44c311fa3	/remont-i-stroitel_stvo/santehniceskie-raboty-i-otoplenie	Водопровод Рощино			0
8b5b29ed-f22a-4886-b8be-2ace7c2de8f3	/tvorcestvo,-rukodelie-i-hobbi/jivopis_	Портрет на холсте с фотографии			0
f22fd8e8-78d2-473d-940e-7c673206d4ea	/remont-avto/mojka	Американская защита автомобиля			0
64773a01-0fd0-4a7c-a12b-f3273663c90f	/gruzoperevozki-i-kur_ery/uslugi-gruzcikov	Грузоперевозки			0
79712f8a-a35d-4bca-96d2-36fdb5383984	/arenda/oborudovanie	Микшерный пульт Behringe xenux 802	/arenda/oborudovanie/zvukovoe-oborudovanie	Аренда звукового оборудования	19
a30ba14b-1443-464f-9b08-576066da6af8	/remont-i-ustanovka-tehniki/holodil_niki	Ремонт холодильников Бирюса на дому (сервисный центр морозильников Бирюса)	/remont-i-ustanovka-tehniki/holodil_niki/remont-holodil_nikov	Ремонт холодильника	2237
b8ad7569-09de-4814-8e09-7894b4b0418a	/remont-i-stroitel_stvo/mebel_	Услуга расчета деталировки мебели			0
b71c2657-c72e-4049-9dec-c6945caaafa1	/remont-i-stroitel_stvo/santehniceskie-raboty-i-otoplenie	отопление			0
f3d9f32b-40f0-496a-8e12-055bb05ba108	/remont-i-ustanovka-tehniki/drugoe	Работы по электрике, розетки, выключатели, проводка, люстры	/remont-i-stroitel_stvo/master-na-cas/kabel_nye-i-elektromontajnye-raboty	Кабельные и электромонтажные работы	1642
71000891-0308-44e3-885d-978e8753111b	/foto-i-video/drugoe	постановочные планы в видеоролик			0
dddf2105-130c-4cff-9424-8dba7623f2ab	/uristy/advokaty	Услуги адвоката по обжалованию постановления суда			0
eac0a85e-8be6-4754-a812-9e84395f416c	/uristy/uridiceskoe-soprovojdenie-sdelok	Сопровождение сделок с недвижимостью	/uristy/jilisnye-spory/soprovojdenie-sdelok-s-nedvijimost_u	Юридическое сопровождение сделок с недвижимостью	3238
42b71a50-e10d-4b5a-a006-1061a688029e	/remont-i-stroitel_stvo/vodosnabjenie-i-kanalizazia	Разводка труб Rehau	/remont-i-stroitel_stvo/vodosnabjenie-i-kanalizazia/prokladka-trub	Прокладка труб водоснабжения и канализации	1388
cf41c596-d644-496a-85a8-def2d90bbb4d	/raznoe/drugoe	Ремонт или замена фундамента			0
c9716c2c-5a75-4c5d-b00f-eeb696f6ee39	/raznoe/biznes-konsalting	Упаковка франшизы под ключ			0
4eb45194-52d5-4a4a-81c5-b22f037c93bc	/remont-i-stroitel_stvo/master-na-cas	Установка фильтра для воды	/remont-i-stroitel_stvo/santehniceskie-raboty-i-otoplenie/montaj-fil_tra-ocistki-vody	Монтаж фильтра очистки воды	1880
e2a9d6e1-7e69-4aaf-aaeb-40632e60e1c2	/krasota/barber	Стрижка усов Амиго	/krasota/barber/oformlenie-usov	Оформление усов	363
f171a14d-91f3-4c12-bd32-7f9af8c1df65	/artisty/drugoe	гострайт песен	4144	Написание текста песен	4144
6cf46573-3a66-4cef-82ed-f671bfed556b	/dizajnery/dizajner-inter_erov	Дизайн проект кухни	/dizajneryi/dizajner-intererov/dizajn-proekt-interera-kuhni		4336
8bbf0ee7-28d2-474f-92d1-414267d24021	/remont-avto/drugoe	Антидождь			0
179f9ec4-b4e1-4c79-90ab-6908dab1a84d	/komp_utery-i-it/drugoe	Привлечение клиентов через Авито и Юлу	/raznoe/internet-marketolog/privlecenie-trafika	Услуги интернет-маркетолога по привлечению трафика	718
49fdf95d-53f3-4d5c-8e70-9b4dc16ab336	/arenda/speztehnika	Бульдозер	/arenda/speztehnika/bul_dozery	Аренда бульдозера	37
0fe16e88-c2a3-4012-b50c-e0ea38b2ce23	/remont-i-ustanovka-tehniki/mobil_nye-telefony-i-plansety	Ремонт Apple Watch			0
b05723e5-576f-43f2-850b-df2b114848de	/remont-avto/drugoe	Химическое восстановление прозрачности фар	/remont-avto/polirovka/polirovka-far	Полировка фар	4082
5875a3a9-ad89-45cf-b126-5eaf78b64b82	/remont-i-ustanovka-tehniki/drugoe	Ремонт ноутбуков	/komp_utery-i-it/komp_uternaa-pomos_/remont-komp_uterov-i-noutbukov	Ремонт компьютеров и ноутбуков	322
ae8a45f4-e344-4b5a-9405-f1e8a1b962e8	/remont-i-ustanovka-tehniki/drugoe	Ремонт вывески			0
fa567a20-6cc6-4294-93ee-7cf630380571	/repetitory-i-obucenie/buhgalterskij-ucet	Бухгалтерский учет, анализ и аудит	/repetitory-i-obucenie/buhgalterskij-ucet/buhgalterskij-ucet	Занятие с репетитором по бухгалтерскому учету	2345
b5183c1a-b868-4b0c-b01b-918aef5a67fc	/remont-i-ustanovka-tehniki/foto--i-videotehnika	Восстановление после воды	/remont-i-ustanovka-tehniki/foto--i-videotehnika/remont-foto--i-video-tehniki	Ремонт фото- и видеотехники	2226
49817082-5990-4017-af8e-83268bb08a3d	/krasota/resnizy-i-brovi	Татуаж бровей	/krasota/makiaj/tatuaj-brovej	Татуаж бровей	424
81e23c35-3c99-49ef-a6b5-833fe0cd05a0	/remont-i-stroitelstvo/otdelka-derevyannyih-domov-ban-saun	Шлифовка сруба	/remont-i-stroitelstvo/otdelka-derevyannyih-domov-ban-saun/shlifovka-sruba		4280
4921f34b-313a-4898-b8f4-05fd3199487b	/uristy/tendery	Подготовка документов и подача заявок на торги			0
085d5a39-da83-4ea4-9b31-666426076f11	/foto-i-video/fotosessia	Фотограф на крещение			0
22f14ddf-67a3-466b-84d2-ea48172012ed	/trenery/drugoe	персональный тренер			0
0dae38ff-e9b7-40fb-8e8d-80153d36e288	/komp_utery-i-it/drugoe	Установка СКУД, СОУЭТ			0
35721866-e335-486b-80a8-ff066e6423e3	/repetitory-i-obucenie/drugoe	Репетитор украинского языка			0
d7f41260-aee1-4656-a56d-182998e4a594	/krasota/spa-prozedury	Спа-комплекс “Антицеллюлитный”			0
3e8147a7-c666-413b-9d60-c18a55322192	/repetitory-i-obucenie/fizika	Консультация по самостоятельным работам по физике и смежным предметам			0
e62690c9-fbef-4cd5-8d56-404f6df54393	/repetitory-i-obucenie/drugoe	Подготовка к ОГЭ и ЕГЭ от выпускника МГТУ им. Н.Э. Баумана			0
618d57dd-ffbf-43e1-a428-169064e836b7	/dizajnery/graficeskij-dizajner	Лендинг верстка	/dizajnery/veb-dizajner/dizajn-lendingov	Дизайн лендинга	228
0233ecef-b4cb-4562-90f1-4f893422c27e	/remont-i-stroitel_stvo/elektromontajnye-raboty	Подключение дома к электричеству			0
82aee220-337b-4fbb-8e5f-f1d9c904f181	/remont-i-stroitel_stvo/oboi-i-malarnye-raboty	Настил линолеума, установка наличников, плинтусов, галтелей, уголков.	/remont-i-stroitel_stvo/poly-i-napol_nye-pokrytia/ukladka-linoleuma	Укладка линолеума	1778
ceca1c4d-5902-49f5-9aab-eee25596302a	/remont-avto/drugoe	Установка предпусковых подогревателей (автономных и электрических)			0
18615d61-c604-46f1-b84c-ff2cb2541148	/uslugi-dla-jivotnyh/drugoe	Ветеринар. 			0
a014181a-a867-4f44-b1b2-c7f6b23be08e	/komp_utery-i-it/komp_uternaa-pomos_	Компьютерная диагностика выезд к клиенту	/komp_utery-i-it/komp_uternaa-pomos_/diagnostika	Диагностика компьютеров	306
079745da-bb8c-4c78-abc5-c00181dcb84b	/remont-i-ustanovka-tehniki/holodil_niki	Ремонт промышленного холодильного оборудования	/remont-i-ustanovka-tehniki/remont-promyslennogo-oborudovania/remont-promyslennyh-holodil_nikov	Ремонт промышленных холодильников	2169
c2e3f741-38fd-49f6-ab8f-6f1f6af21171	/komp_utery-i-it/drugoe	Работа с наполнением сайтов			0
0848d092-a2c5-453a-b4f3-92eccab8d7a2	/krasota/barber	Стрижка папа и сын 	/krasota/barber/mujskaa-strijka	Мужская стрижка	360
cbf1521f-68e8-4a15-8565-5364a1baf0d5	/krasota/massaj	Общий массаж всего тела. 1,5 -2 часа	/krasota/massaj/klassiceskij-massaj	Классический массаж	478
3adcbbe2-239a-4a4b-aeb3-be90e68716a3	/krasota/resnizy-i-brovi	Наращивание ресниц 3D	/krasota/resnizy-i-brovi/narasivanie-resniz-(trojnoj-ob_em)	Наращивание ресниц (тройной объем)	531
ee3ec803-c722-4e14-81d7-5a04cafccd2c	/gruzoperevozki-i-kur_ery/vyvoz-musora	утилизация бытовой техники			0
14ebfb10-c73e-4d07-bba2-11dace1842d2	/remont-avto/elektrooborudovanie	Изготовление и прописывание автоключей	/remont-avto/pomos_-na-dorogah/izgotovlenie-i-propisovanie-avtoklucej	Изготовление и прописывание автоключей	1108
1eaf08da-1eeb-4dbb-91d5-661e37481eb3	/gruzoperevozki-i-kur_ery/vyvoz-musora	Вывоз мусора контейнером	3615	Вывоз мусора контейнером	3615
5222be5a-e78a-4e1c-ae56-4612195e7a0c	/remont-i-stroitel_stvo/potolki	Монтаж натяжных потолков (абстракция)	/remont-i-stroitel_stvo/potolki/montaj-natajnogo-potolka	Монтаж натяжного потолка	1795
48959be3-adbc-40de-8f1c-eb09e3e6ae48	/tvorcestvo,-rukodelie-i-hobbi/jivopis_	Фотопечать на холсте	4216	Печать на холсте	4216
fbe7c9d4-883a-475f-998a-6c6a68f1f216	/raznoe/drugoe	Ремонт обслуживание запчасти для  Болгарских погрузчиков ДВ 1792, ДВ 1661, ЕВ 687, ЕВ 717, ЕВ 735	3661	Ремонт погрузчиков	3661
47090f89-63b4-47bb-a0c8-bab0df37685a	/remont-i-stroitel_stvo/betonnye-raboty	Доставка раствора м300			0
aecadc4f-bdf4-439f-8174-6e3f4701cf74	/gruzoperevozki-i-kur_ery/stroitel_nye-gruzy-i-oborudovanie	Грузоперевозка строительных бытовок  	/gruzoperevozki-i-kur_ery/stroitel_nye-gruzy-i-oborudovanie/stroitel_nye-gruzy-i-oborudovanie	Перевозка строительных грузов и оборудования	208
d08baa0c-d6aa-4cae-82f4-14ac7ff7e6b6	/uborka-i-hozajstvo/sidelki	Услуги по уходу за пожилыми людьми 	/uborka-i-hozajstvo/sidelki/uhod-za-pojilym-celovekom	Уход за пожилым человеком	3123
77de91f9-8447-4756-882d-8737651df5f0	/repetitory-i-obucenie/matematika	Подготовка к ЦТ по математике			0
1c4494b5-f2b7-4d31-a0fd-622f5c752a41	/foto-i-video/drugoe	Обработка фотографий 	/foto-i-video/postobrabotka/montaj-foto	Фотомонтаж	3077
b2ee2d01-9a8e-42a2-bc2b-c69b912d6a82	/remont-i-stroitel_stvo/dveri-i-zamki	Установка стекла в дверь			0
5ccebe4a-d6bc-4abb-8030-b60cc322577f	/raznoe/drugoe	Рерайтинг			0
ee67fe7f-c659-4726-8d5b-a61a5513cc91	/remont-i-stroitel_stvo/oboi-i-malarnye-raboty	Декоративная штукатурка с эффектом шелка.	/remont-i-stroitel_stvo/oboi-i-malarnye-raboty/stukaturka-sten	Штукатурка стен	1692
32148896-f40f-47ec-b957-8cb4d61a125a	/remont-i-ustanovka-tehniki/stiral_nye-masiny	Ремонт промышленной стиральной машины			0
677a22a0-76ad-4960-bac7-e426e6f834e5	/krasota/makiaj	Макияж детский			0
1d7068fd-c661-4c8d-8270-a70863575d59	/uristy/advokaty	Юридическое представительство в арбитражных судах	/uristy/predstavitel_stvo-v-sude/predstavitel_stvo-v-arbitrajnom-sude	Юридическое представительство в арбитражных судах	3396
1c394001-5084-4578-a503-dc46259ab76b	/raznoe/perevodcik	Письменный перевод	/raznoe/perevodcik/dokument	Перевод документа на другой язык	792
d52f579e-c978-4882-b588-a5587f43236a	/komp_utery-i-it/drugoe	Соберу бота WhatsApp			0
d6177f57-1c41-41f1-b230-77eeedf4bcba	/organizazia-meropriatij/reklama-i-prodvijenie	Внутренняя оптимизация сайта			0
b873474a-384e-456f-b701-cd61f7e2556f	/krasota/resnizy-i-brovi	Окрашивание бровей хной	/krasota/resnizy-i-brovi/okrasivanie-brovej-hnoj	Окрашивание бровей хной	534
dc6056ec-405b-4794-85ff-073280a839f8	/remont-i-ustanovka-tehniki/stiral_nye-masiny	Ремонт стиральной машины Indesit PWC 81272 W	4023	Ремонт стиральной машины	4023
c757379a-6879-41a2-b06c-f8930771807b	/uborka-i-hozajstvo/uborka	Уборка загородного коттеджа	3553	Уборка частного дома	3553
502cb54b-a2a8-4053-b83c-fbda68db995a	/raznoe/drugoe	написание стихов			0
761acb30-7f32-49c6-b6fc-eb27f82349ad	/remont-i-ustanovka-tehniki/drugoe	Ремонт часов Apple			0
0f34661b-3815-4c17-b975-f289b5d75e8c	/raznoe/izgotovlenie-i-montaj-zerkal	Монтаж зеркал и панно			0
e9954e63-1f1b-4a59-97b6-d051cc543410	/arenda/instrument	Аренда Рукав гибкий с манжетой для дизельных ТП 250 мм			0
8cfa76ef-9fcc-4897-9464-ea9305faed40	/remont-i-stroitel_stvo/betonnye-raboty	Раствор в 20			0
5e474585-91bf-495d-9b6a-ab1a81af42f1	/uborka-i-hozajstvo/sidelki	Сиделка-помощница по хозяйству			0
f8068080-77ca-4469-86f0-04b16d78fcbc	/krasota/udalenie-volos	Шугаринг/комплекс зон №2			0
f7b67280-e6f8-4913-82ec-91e6bfa098a1	/artisty/muzykanty	Написание текста песен	4144	Написание текста песен	4144
3e94d5b7-4d79-47ad-8462-985c0268e311	/raznoe/drugoe	Армирование стандартное (сетка)			0
a00dbeb0-2ebf-4bb3-8353-d8ef0f8634b0	/krasota/stilist	подбор стиля	/krasota/stilist/imidj-konsul_tazia	Имидж-консультация	555
afa55a5c-8cd5-46bd-9059-ef448ea46acf	/arenda/drugoe	Постановка объекта на кадастровый учет	/remont-i-stroitel_stvo/drugoe/postanovka-ob_ekta-na-kadastrovyj-ucet	Постановка объекта на кадастровый учет	1518
0aab1058-0fc5-4442-a29e-01446d5dc2a1	/komp_utery-i-it/komp_uternaa-pomos_	Установка программ на компьютеры	/komp_utery-i-it/komp_uternaa-pomos_/ustanovka-programm	Установка программ на компьютеры	328
af211e05-19b4-408e-9422-108d72ee2add	/komp_utery-i-it/komp_uternaa-pomos_	Компьютерный сервис			0
61f180da-8aa0-4dbb-a019-15dd4c449f47	/remont-i-ustanovka-tehniki/stiral_nye-masiny	Ремонт стиральных машин: I-Star	4023	Ремонт стиральной машины	4023
d40c0979-dec4-4c45-9dba-d35f77c10497	/remont-i-stroitel_stvo/potolki	Монтаж парящего натяжного потолка	/remont-i-stroitel_stvo/potolki/montaj-natajnogo-potolka	Монтаж натяжного потолка	1795
4bce354d-1c1f-4953-ae61-59f919847a52	/organizazia-meropriatij/kejtering	Торты на заказ на Новый год	/organizazia-meropriatij/kejtering/tort-na-zakaz	Торт на заказ	639
080ecbd0-0ceb-407c-b69e-23fa4d4598bf	/komp_utery-i-it/programmirovanie	Обучение Битрикс24 для менеджеров			0
2d968ae3-6cbf-463b-b281-9a6ca0c1badf	/remont-i-ustanovka-tehniki/mobil_nye-telefony-i-plansety	Ремонт iPhone 11 Pro Max (Айфон 11 Про Макс)	/remont-i-ustanovka-tehniki/mobil_nye-telefony-i-plansety/remont-mobil_nyh-telefonov	Ремонт мобильных телефонов	2137
8d2eaa89-f1a4-4697-b5f8-0d268d194dd8	/raznoe/obezzarajivanie	Обработка от тараканов на производстве	/raznoe/obezzarajivanie/unictojenie-tarakanov	Уничтожение тараканов	780
9a85f6e8-baa1-4e9b-8b1d-55fcc3ba5d1c	/uristy/provedenie-nezavisimyh-ekspertiz	Экспертиза зданий, сооружений, жилых и нежилых помещений			0
6890faef-18c9-49bb-a56c-761b855a5cef	/remont-i-ustanovka-tehniki/televizory	Замена подсветки телевизора	/remont-i-ustanovka-tehniki/televizory/remont-televizorov	Ремонт телевизоров	2223
17db86ce-395b-478b-93d8-bb3bed4b9329	/remont-i-stroitel_stvo/svarocnye-raboty	Газовая резка			0
cdbab37f-69aa-4ffd-bd8d-a79fbd739b6e	/remont-i-ustanovka-tehniki/stiral_nye-masiny	Ремонт стиральных машин Avex (вызов мастера на установку машинки Авекс на дом)	4023	Ремонт стиральной машины	4023
877599f2-769e-4b26-aabb-884e43ca0d44	/tvorcestvo,-rukodelie-i-hobbi/sit_e	Изготовление детской кофточки.	/tvorcestvo,-rukodelie-i-hobbi/sit_e/posiv-odejdy	Пошив одежды	2834
c8d59bd9-9259-4bde-ab7e-8e3d27177907	/foto-i-video/fotosessia	Свадебная фотосессия	/foto-i-video/fotosessia/svadebnaa	Свадебный фотограф	3091
dd2305c2-ec2e-4687-a4bf-e81d5ad63508	/raznoe/drugoe	Регистрация кассового аппарата для ИП 	/uristy/registrazionnye-uslugi/registrazia-kassovogo-apparata-dla-ip	Регистрация кассового аппарата для ИП	3429
3050d9d8-1582-4d5c-8d6e-0a00f4766e60	/raznoe/drugoe	Безтраншейная прокладка коммуникаций			0
de396355-f11f-4a73-86b9-5cec6cd245be	/raznoe/drugoe	Алмазная мозаика 			0
52258728-90eb-499d-b992-05f84dcc1e69	/organizazia-meropriatij/organizazia-biznes-meropriatij	Семинар "Эффективная система бюджетирования"	/organizazia-meropriatij/organizazia-biznes-meropriatij/seminary	Организация семинара	646
f87ac20d-de14-4f7b-86d9-b17ebbbb5848	/remont-i-stroitel_stvo/okna-i-balkony	Заказ окон пластиковых	/remont-i-stroitelstvo/okna-i-balkonyi/izgotovlenie-okon		4298
88255919-6ddf-4c6b-bcea-61de85885f2f	/gruzoperevozki-i-kur_ery/evakuatory	Эвакуатор с частичной погрузкой.			0
7223b136-f193-4fc2-82a1-bf570c3a8c00	/uslugi-dla-jivotnyh/drugoe	Промывание носовой полости			0
f6587309-266c-45cb-9303-500e4475d6f6	/remont-i-stroitel_stvo/remont-kvartir-i-domov	Установка фильтра очистки воды	/remont-i-stroitel_stvo/santehniceskie-raboty-i-otoplenie/montaj-fil_tra-ocistki-vody	Монтаж фильтра очистки воды	1880
a705f638-5fe0-44f0-91ae-5a49ffa1654b	/remont-i-stroitel_stvo/master-na-cas	Услуги сантехника.	/remont-i-stroitel_stvo/master-na-cas/santehniceskie-raboty	Сантехнические работы	1647
a4b29d3f-c8fb-4974-a902-506c33d5819f	/krasota/parikmaher	Окрашивание волос в один тон / мастер	/krasota/parikmaher/okrasivanie-volos-v-odin-ton	Окрашивание волос в один тон	501
6bdfac17-75f6-4867-8279-fbbe13e134b4	/krasota/parikmaher	Смывка (осветление)			0
ad09fde2-7ef3-4f85-9a56-e281785ea0c9	/remont-i-stroitel_stvo/betonnye-raboty	Бетон для гаража\t			0
ffeaf8be-8a02-46ef-84ba-62687f0955c0	/remont-i-stroitel_stvo/okna-i-balkony	Остекление балконов и лоджий	/remont-i-stroitel_stvo/okna-i-balkony/osteklenie-balkonov-i-lodjij	Остекление балконов и лоджий	1720
6f79062c-f922-446b-9d5f-04b468a7c6c6	/remont-i-ustanovka-tehniki/posudomoecnye-masiny	   Ремонт посудомоечных машин  	4064	Ремонт посудомоечных машин	4064
dfb36de0-eeb0-4dcb-9e00-0292a22a1480	/raznoe/drugoe	Скрип коляски			0
fb1db35f-32c0-4d48-8021-c841dce321b9	/repetitory-i-obucenie/jurnalistika	Консультация по курсовой работе по журналистике и смежным предметам			0
5ec751f5-60cb-489e-bfae-0d5b75f90640	/uristy/advokaty	Адвокат по краже			0
42aad8bf-2971-4c78-91fe-d1e4623b50ad	/komp_utery-i-it/komp_uternaa-pomos_	Прошивка навигаторов			0
55ed7563-d2dd-469f-9949-c3978d8f6d14	/komp_utery-i-it/drugoe	Настройка интернет рекламы в Яндекс.Директ, Google Реклама, Vk 	/raznoe/internet-marketolog/nastrojka-andeks.direkta	Услуги интернет-маркетолога по настройке Яндекс.Директа	717
7f76d62c-7ee2-4f6b-b426-46235b13ceee	/tvorcestvo,-rukodelie-i-hobbi/sit_e	Дизайн и пошив штор на заказ			0
4e1ebc89-8fef-4c98-bf56-12fb4376cb05	/uristy/jilisnye-spory	Брачный договор(сбор пакета документов, сопровождение у нотариуса, регистрация права собственности)	/uristy/uridiceskie-dokumenty/sostavlenie-bracnogo-dogovora	Составление брачного договора	3525
cb95cc3f-a43a-46e4-b6ad-eb9fbcd48808	/remont-i-stroitel_stvo/master-na-cas	Установка классического холодильника - разблокировка, установка на место эксплуатации.	4021	Установка и подключение холодильника	4021
77b594cf-dfd1-4af8-b25c-d18a24839861	/remont-i-stroitel_stvo/snos-i-demontaj	Прием металлолома			0
4faacfc7-12c6-4a80-bd55-3d3d56f7411b	/remont-i-ustanovka-tehniki/mobil_nye-telefony-i-plansety	Ремонт самртфона xiaomi	/remont-i-ustanovka-tehniki/mobil_nye-telefony-i-plansety/remont-mobil_nyh-telefonov	Ремонт мобильных телефонов	2137
6a6aeea9-2d00-4997-935b-6c7301353e62	/raznoe/psiholog	Психологическое консультирование онлайн	/raznoe/psiholog/konsul_tazia-psihologa	Консультация психолога	818
ca59f04f-8162-464d-8355-20f88a9dc940	/krasota/kosmetolog	Классический или пластический массаж лица и зоны декольте			0
c81d0f28-79ab-48f6-9f2f-790950b955cb	/gruzoperevozki-i-kur_ery/stroitel_nye-gruzy-i-oborudovanie	Перевозка тралом Нижний Тагил	/gruzoperevozki-i-kur_ery/stroitel_nye-gruzy-i-oborudovanie/stroitel_nye-gruzy-i-oborudovanie	Перевозка строительных грузов и оборудования	208
c5dae9fe-337f-4e20-842f-a47f486d456f	/remont-i-stroitel_stvo/santehniceskie-raboty-i-otoplenie	Монтаж писсуара	/remont-i-stroitel_stvo/santehniceskie-raboty-i-otoplenie/montaj-pissuara	Монтаж писсуара	1865
6c0083ea-3209-4f48-958e-9ce7f9eb3f49	/remont-i-stroitel_stvo/drugoe	Бетонный завод Нагорный район (доставка)			0
71dc7321-14f6-4fad-aca6-fe3a54c9484b	/komp_utery-i-it/komp_uternaa-pomos_	Ремонт видеокарты	/komp_utery-i-it/komp_uternaa-pomos_/remont-videokarty	Ремонт компьютерных видеокарт	319
3778c383-20e0-489b-8588-53d1dc31a76c	/raznoe/drugoe	Онлайн подготовка к сдаче теоретического экзамена в ГИБДД с преподавателем.	/repetitory-i-obucenie/avtoinstruktory/podgotovka-k-sdace-ekzamena-v-gibdd	Подготовка к сдаче экзамена в ГИБДД	2269
53b0602a-0c85-4e41-94c6-0fa1df8a9d8f	/raznoe/obezzarajivanie	Уничтожение клопов в садике	/raznoe/obezzarajivanie/unictojenie-klopov	Уничтожение клопов	779
ba49c81e-6b7f-4ddb-a1ca-b6c3b4ad3680	/repetitory-i-obucenie/menedjment	Консультации по курсовым работам по Менеджменту			0
baa561eb-2a79-4935-bfd9-8fbf32d2bd0d	4121	Видео Love Story			0
